Milkman0923 / Magicnoles,milkman0923,en,False,79,223,1134,2271
ğŸ‡ºğŸ‡¸DustinStuckyğŸ‡ºğŸ‡¸,Djstucky1,en,False,361,482,91515,2194
FantasySportsInsider,FSI_Insiders,en,False,49,96,3109,0
Hudson cesar,Hudsoncesar6,pt,False,117,110,13846,20688
Mike the MenaceğŸ‘¹,mickblaze,en,False,438,305,2018,243
Nicole Causey,NicoleCausey2,en,False,31,152,70,201
iSportconnect,iSportconnect,en,False,13917,2388,55936,1717
NFAC,NFACmoves,en,False,4611,241,13632,364
Roberto HernÃ¡ndez ChÃ¡vez,Roberto80680996,en,False,22,29,404,888
Daniel Alejandro ğŸ‡²ğŸ‡½,Garcia_Daniel30,en,False,2135,825,639993,697041
Luisa Puerta LÃ³pez,LuisaPuertaNQH,es,False,146,88,10200,4578
Sharky Waters Nation,SharksNSports,en,False,3196,98,1800,4469
Daniel Alejandro ğŸ‡²ğŸ‡½,Garcia_Daniel30,en,False,2135,825,639994,697042
Mike Barner,rotomikebarner,en,False,600,136,3824,393
Daniel Alejandro ğŸ‡²ğŸ‡½,Garcia_Daniel30,en,False,2135,825,639995,697043
Daniel Alejandro ğŸ‡²ğŸ‡½,Garcia_Daniel30,en,False,2135,825,639996,697043
Daniel Alejandro ğŸ‡²ğŸ‡½,Garcia_Daniel30,en,False,2135,825,639997,697044
ğŸ‘³ğŸ»â€â™‚ï¸ La Barba Picks ğŸ‘³ğŸ»â€â™‚ï¸,TheBeardBet,es,False,661,420,548,108
Susan Basquez,susan_basquez,en,False,375,1432,3516,2532
Daniel Alejandro ğŸ‡²ğŸ‡½,Garcia_Daniel30,en,False,2135,825,639998,697046
Daniel Alejandro ğŸ‡²ğŸ‡½,Garcia_Daniel30,en,False,2135,825,639999,697046
Daniel Alejandro ğŸ‡²ğŸ‡½,Garcia_Daniel30,en,False,2135,825,640000,697047
luisğŸ‡²ğŸ‡½âš½ï¸ğŸ†,luiscc12,es,False,180,1365,3222,1690
PM Picks,PMPICKS1,en,False,951,406,14593,553
Daniel Alejandro ğŸ‡²ğŸ‡½,Garcia_Daniel30,en,False,2135,825,640001,697048
Daniel Alejandro ğŸ‡²ğŸ‡½,Garcia_Daniel30,en,False,2135,825,640002,697049
Llortz,Llortz,es,False,64,216,1401,860
Daniel Alexander,Aleex71114,es,False,36,254,310,2532
Duane Rankin,DuaneRankin,en,False,3634,4319,36002,431
Oliver Kwambai,Oliwink,en,False,2186,1431,27644,3447
FlashPug,FlashPugUK,en,False,1014,1111,12770,109
AC_Square,SumAClet16,en,False,155,231,216172,13448
FlashPug,FlashPugUK,en,False,1014,1111,12771,109
RoseAnn Sapia,_RoseAnnSapia,en,False,765,4271,19624,137099
SkÃ”t,PsYcH01,es,False,51,89,63,825
Sportsnet 590 The FAN,FAN590,en,True,80603,1079,183988,1212
Alan John Edwards,AlanJohnEdward2,en-gb,False,269,203,4547,6555
FlashPug,FlashPugUK,en,False,1014,1111,12773,109
FEAR THE BEARD SWAGG,svintlxrd,pt,False,75,698,2606,4945
FlashPug,FlashPugUK,en,False,1014,1111,12774,109
GIANNI the GREEK (VR/ACE),Greek_Gambler,en,False,16275,226,13313,693
Daniel DelaTorre C.,daniel1722,es,False,111,149,433,202
MEHMETã€½ï¸,MetReyiz,tr,False,3681,113,14112,8730
DFS Karma,DFS_Karma,en,False,11886,13006,17953,8492
LineStar NBA ğŸ€,LineStarNBA,en,False,2912,1,28189,339
Gleb_K,gleb_k_,ru,False,16,66,1052,368
DEPLORABLEğŸ¤¬Raymoz50,Raymoz50,en,False,3090,4888,99950,107811
It was good while it lasted,Cam_Unstoppable,en,False,584,388,121426,2734
Awesemo.com,Awesemo_Com,en,False,5798,45,3207,895
Locks of the Day (11W - 3L - 1T),lockseveryday,en,False,35,478,25,12
Justin Bales,BalesSJustin,en,False,3232,694,10940,4500
Vany,osevany21,en,False,766,1920,57068,89308
mahrez ballon d'or,free_palestinn,fr,False,43,210,1447,433
Audio Chef,beatsmadefresh,en,False,503,404,113026,106801
NBA Feeds,nbafeeds_,en,False,475,220,133292,0
azcentral sports,azcsports,en,True,30297,2200,132982,126
Audio Chef,beatsmadefresh,en,False,503,404,113027,106801
Gigantes del Basket,GIGANTESbasket,es,True,92168,638,54099,5172
Tercer Equipo NBA,NBATercerEquipo,es,False,5011,654,29730,4293
albertobetico1997,beticoalberto97,es,False,49,319,8305,4390
FUFUğŸ‘MENZOğŸ¤©,FUFU59R,fr,False,50,164,833,2113
PickDraft,PickDraftDFS,en,False,858,910,3375,14
cÃ³nsul,johnnynav,es,False,66,43,2366,0
PickDraft,PickDraftDFS,en,False,858,910,3376,14
M&R Basketball,mandrbasketball,en,False,60,140,368,15
o2.,Omega_kb,en,False,182,245,2788,2981
PickDraft,PickDraftDFS,en,False,858,910,3377,14
Joubert Theo,JoubertTheo2,en,False,0,3,1,1
Los Grandes Parley,LGParley,es,False,34730,638,41981,1545
PickDraft,PickDraftDFS,en,False,858,910,3378,14
rousseaux,roussea14136031,fr,False,8,49,700,633
Leonardo perez,RodriguezEsaul,es,False,46,280,3354,7315
Alykarim Aziz,aka0013,en,False,379,356,36438,5859
E-NBA,e_NBAnet,en-gb,False,230,521,13567,7
ì •ì •í¬,heehyoo,ko,False,0,2,54,1
DBasket,DBasketes,es,False,881,162,4115,498
Eduardo,L_alo11,en,False,50,81,1302,1173
CM_Josselin,CM_Joss,fr,False,120,358,1314,180
DBasket,DBasketes,es,False,881,162,4116,498
Mercado de Apuestas,MercadoAPS,es,False,424,489,190,121
Hang solo,R_miarroba,es,False,250,933,9844,1604
JesÃºs Garcia,chuchiwolf,es,False,352,1068,10884,21059
Chlorophyll Arafol,chlong2x,en-gb,False,16,126,42,100
gdicksonn10,gdicksonn10,en,False,620,1126,8782,2767
æ˜Ÿéˆ´,Scherzer_31,ja,False,6204,5768,226427,265140
Guille Contreras,GuilleOctopus,es,False,233,484,8144,3169
gdicksonn10,gdicksonn10,en,False,620,1126,8783,2767
gdicksonn10,gdicksonn10,en,False,620,1126,8784,2767
gdicksonn10,gdicksonn10,en,False,620,1126,8785,2767
gdicksonn10,gdicksonn10,en,False,620,1126,8786,2767
gdicksonn10,gdicksonn10,en,False,620,1126,8787,2767
NBA_Plow,NBA_Plow,en,False,528,4870,8435,11278
gdicksonn10,gdicksonn10,en,False,620,1126,8788,2767
AnnaCoachNLP,AnnaFlores83,es,False,1509,1801,15848,241
sdna.gr,Sdna_gr,en,False,12939,302,130636,1574
B3RN47,hbern4l,es,False,143,526,879,518
IronÃ­a,aaronyus99,es,False,570,366,13811,12334
Kevin Lopez,KevinLo14590959,fr,False,19,123,161,168
Rob Wong,WongSN590,en,False,3748,860,46290,6929
bobby wallace,charliessports,en,False,1748,3352,8472,542
Raed Alotibi,rayoody88,en,False,251,251,5079,2592
Greg Burns.,gb434369,en,False,2024,4807,1958,1835
Curt Miller,CurtMillerWBB,en,True,6209,1375,3791,2807
Bodie Sevens,Bodie__B,es,False,2544,308,83978,35566
The Gutsy Ninja,floochowsky,en,False,3343,1725,267192,4804
The Gutsy Ninja,floochowsky,en,False,3343,1725,267193,4804
Deporte Today,Deporte_Today,es,False,5422,101,4448,1432
Mikes Picks,PicksMike,en,False,0,31,5,0
TRADINGCARDS&THINGS,Bballa12jp_TCT,en,False,920,1107,2829,244
MugtheBookie.comÂ®,MugtheBookie,en,False,16754,15045,11747,2375
Daniel Barrera,dannyBalO27,es,False,340,779,765,5594
TipsZer.,TipsZer,fr,False,53,53,14,0
PolemiJunior,Polemijunior,es,False,397,408,17513,2351
Alberto DÃ­az Casado,Albert_DC24,es,False,29,83,1457,850
ê¹€íƒœìš°,ddorai0310,ko,False,0,0,53,0
chicagorrağŸ§¢,ChicaGorraStyle,es,False,2928,1273,217128,162917
ih lan!!!,HyllanzaoHEHE,pt,False,188,678,13316,17018
Sports Watch Monitor,SportsWatch1,en,False,14970,23737,89067,3653
Raed Alotibi,rayoody88,en,False,251,251,5080,2592
ì•ˆì •í™”,jhg78596940,ko,False,4,4,10669,0
Awesemo.com,Awesemo_Com,en,False,5798,45,3208,895
ì •ì¤€ì˜,bvt78596932,ko,False,1,2,10702,0
Sports Watch Monitor,SportsWatch1,en,False,14970,23737,89068,3653
football,footbal11771837,el,False,12,8,22,6
Anthony,SmartpickAlert,en,False,314,3000,4182,1119
888sport,888sport,en,True,42327,1358,68316,3060
ElÃ­as Robles,MonteroRobles,es,False,613,276,15093,33442
Vladimir Sun,Vladimir__Sun,ru,False,28,452,327,9
X,ChampJAXx,en,False,540,455,18106,14858
Shane,BitCoin38830208,en-gb,False,140,262,5388,542
The Ringer,ringer,en,True,415006,585,71145,4931
Paul Lukas,UniWatch,en,False,125566,72,54471,5021
Bryan Kalbrosky,BryanKalbrosky,en,True,4096,1048,8701,13244
Sports Watch Monitor,SportsWatch1,en,False,14970,23737,89069,3653
Ramiro Datos Deportivos,chapiramiro,es,False,4418,2107,10986,3985
Steve Merril,SteveMerril,en,False,4927,113,12301,56
Soy Leyenda Blog,SoyLeyenda_Blog,es,False,291,206,4094,123
Alex_hernandez96,Josue_Hdz96,es,False,14,145,307,85
The Athletic,TheAthleticCLE,en,True,13705,503,6250,1552
Pro Dance Cheer,ProDanceCheer,en,False,1816,752,3963,5266
Ron Ledgard,RonLedgard,en,True,2548,1144,28738,3001
LeBron Wire,LeBron_Wire,en,False,1147,30,3384,27
ìœ ì„±ì€,888sugn,ko,False,0,0,57,0
bobby wallace,charliessports,en,False,1747,3352,8473,542
Nook,nookie_johnson,en,False,529,898,53252,5468
FanSided Fantasy,FanSidedFantasy,en,True,6220,396,16815,196
Josh Lloyd,redrock_bball,en-gb,True,18716,1853,89230,7993
NBA Deutschland,NBA_de,en,True,14459,216,14311,188
Fantasy CPR,fantasycpr,en,True,6941,1533,25047,4105
PickswiseNBA,PickswiseNBA,en,False,707,309,1700,1697
Casino Barcelona.es,CasinoBcnES,es,False,2855,395,14641,1224
NBA Fantasy,NBAFantasy,en,True,205221,603,35361,133
Totolotek,TotolotekPL,pl,False,3636,1286,15245,9994
NBA Feeds,nbafeeds_,en,False,475,220,133293,0
UpDown Report,UpDownReport,en,False,223,259,132,36
Locked on NBA Network,LockedOnNBANet,en,False,2641,73,20981,417
Quinton Mayo,TOQM_,en,False,1559,415,18349,3712
Money Marv,MarvsPicks,en,False,134,184,88,10
Dan Gopez,gopez_,en,False,53,38,14554,1
Jason Weisberg,weisbergjason1,en,False,137,78,551,609
TheClevelandFan (IFB),theCleFan231,en,False,1753,3287,3757,5991
Daniel,PrimeCinci,en,False,769,639,14475,71924
Dan Devine,YourManDevine,en,True,37303,1610,167159,28466
Jimbololo,EldritchCats,fr,False,3,78,84,144
Wreck League Podcast,WreckLeaguePod,en,False,27,77,593,374
G. Costa ğŸ‡§ğŸ‡·,gbrlcst148,pt,False,256,229,8839,39237
NBA ğŸ“°,BasketballRoto,en,False,1456,495,27497,1774
Awesemo.com,Awesemo_Com,en,False,5798,45,3209,895
JORDONG,jordub,en,False,943,739,82786,7471
JuanBondDFS,JuanBondDFS,en,False,972,354,4327,6145
North Texas Game,NTXGame,en,False,1758,1888,61407,5
LineStar App ğŸ†,LineStarApp,en,False,8381,102,12812,12067
cĞ½Î±Ğ¸Îµlâ™€ï¸ğŸ¥€âœ ,stefvillaL,es,False,1249,125,142060,134040
Alex Seixeiro,alexfan590,en,True,8701,574,35132,322
Geehoshaphat Â®,Geehoshaphat89,en,False,65,110,739,1892
Carlo Smith,DefendTheLand24,en,False,119,407,453,351
Knicks-Yankees -Jets- me7o/next team -NYR loyalty,forevershinin,en,False,6821,4947,257785,306749
Ivan Markovic,ivanmar34,sr,False,1624,1445,33730,26867
Prama Danunagoro,pdanunagoro,en,False,419,698,58593,34165
11,chicab6lls,pt,False,711,152,70788,823
The Eagle,theeaglestips,en,False,7,244,66,1
USA Sport24,USASport24,it,False,3705,60,295740,171427
Money Marv,MarvsPicks,en,False,134,184,89,10
TBÂ®,TB66225782,en,False,3,81,2,0
PronosFoot&NBA,Pronos60,en,False,34,85,164,5
SacramentoLink,SacramentoLink,en,False,11487,12902,13824,6
LineStar NBA ğŸ€,LineStarNBA,en,False,2913,1,28190,339
LineStar NBA ğŸ€,LineStarNBA,en,False,2913,1,28191,339
LineStar NBA ğŸ€,LineStarNBA,en,False,2913,1,28192,339
LineStar NBA ğŸ€,LineStarNBA,en,False,2913,1,28193,339
Mike Marteny,MikeMarteny,en,False,548,464,3733,3207
Rebecca Malesick,beccaboling,en,False,91,229,3510,20292
bobby wallace,charliessports,en,False,1747,3355,8476,543
Mike Marteny,MikeMarteny,en,False,548,464,3734,3208
Mike Marteny,MikeMarteny,en,False,548,464,3736,3210
Ãlex,AlexATMF9T,es,False,1483,982,56341,2326
Mike Marteny,MikeMarteny,en,False,548,464,3737,3211
Jesus,JAleman_4,en,False,371,329,10612,2174
kb,mynameis_kaylee,en,False,4102,957,140044,22575
Magic Seabolt,JonSeabolt,en,False,390,506,6336,2901
Ãlex,AlexATMF9T,es,False,1483,982,56341,2326
Mike Marteny,MikeMarteny,en,False,547,464,3740,3214
MARCO MARASCA,marcm1969,it,False,574,474,232521,26043
Andy O,AndysBaseball17,en,False,127,95,250,112
BubbaGuts,NotherMansTrash,en,False,80,126,4030,1444
Alberto Taboada,taboada1978,es,False,70,343,2843,28
John A. Hutchison,JohnArthurHutch,en,False,1342,1378,24474,5662
Mike Marteny,MikeMarteny,en,False,547,464,3743,3217
HUGâš½ DAVID,Huodd,es,False,6403,6353,17457,10195
Meet Me At The Rim,MirazNBA,en,False,3245,3503,94532,21527
Breyner ë°ì´ë¹„ë“œ,BreyM,es,False,145,150,16731,189
ALL_in_NBA,ALL_in_NBA,ja,False,1281,228,99132,2
Felipe Urrutia,L0nko,es,False,501,496,16274,4122
Camille,BiBiPuce,fr,False,734,914,45627,10857
For the ğŸ’˜ of ğŸ’°,Michael65580292,en,False,63,64,147,324
ìŠ¤í¬ì¸ ì¤‘ê³„  livetv777.com,Armor_Com,ko,False,1123,1391,34355,0
ï£¿Applefan81ï£¿,Applefan81,de,False,335,352,29794,40936
Man Santillan,man2090,en,False,162,493,3046,242
Scott Schiesser,ScottSchiesser,en,False,214,182,3168,888
H2 Picks,handicap_the,en,False,34,19,190,46
JDR Designs,JDR_Designs,en,False,180,605,1016,1311
LatinBET,LATINbetVE,es,False,2653,2501,25907,666
AwinzA,AwinzaProno,fr,False,7309,39,9380,94
Jasem Mohamed,bulDeech,en,False,36,256,1836,214
Tony Fay,TonyFayPR,en,False,11232,396,2215,2734
Ryan Eivins,EivinsRyan,en,False,170,217,1738,3076
Jose Manzur,JoseManzur14,en,False,4,3,14,1
Blitz Weekly,BlitzWeekly,en,False,1017,448,9525,1335
Ricardo MaciÃ±eiras,RJMacineiras,es,False,3069,1867,24058,3423
Sports Watch Monitor,SportsWatch1,en,False,14970,23737,89070,3653
NBA Warriors Fans,NBAWarriors_Fan,en,False,287,51,117738,0
NBA Feeds,nbafeeds_,en,False,475,220,133294,0
seb-om13,Om13Seb,fr,False,17,311,880,129
All Around  Sports,AllAroundSpor11,en,False,9,68,144,4
Scott Schiesser,ScottSchiesser,en,False,214,182,3168,888
Ã–LIZÃ‹,TheMicaiahOJ,en,False,700,579,38786,93
Quim Gasque,QuimGasque,es,False,215,215,3078,116
Big3 On Fire Podcast,Big3OnFirePod,en,False,625,189,53315,479
âš¾Aldo Arronâš¾ğŸ†ğŸ†,aldo_arron,es,False,44,165,674,91
ìŠ¤í¬ì¸ ê°€ì¡±ë°© - ì¹´í†¡:PPP727,whtndud1313,ko,False,323,521,29489,0
HEATR,HEATRsports,en,False,624,1279,44142,640
HEATR,HEATRsports,en,False,624,1279,44143,640
Yuliana Cherry,Cherrsexy1,es,False,3198,4998,561,18068
James Shenan,Irish016206,en,False,13303,13366,86473,79512
L'actu Frenchie,Actu_Frenchie,fr,False,320,75,10979,15
Live Streams,_Live365,en,False,242,11,225,56
Ã–LIZÃ‹,TheMicaiahOJ,en,False,700,579,38787,93
Vegas Whale Play,VegasWhalePlay,en,False,121,43,596,38
Joe,JoePedlowe36,en,False,813,910,9841,9227
StreetHistory,streethistory,en,False,1867,1597,183254,37376
Jose Laluz,laluzjose,es,False,187370,4458,54646,5793
BarÄ±ÅŸ,cevahirbaris,tr,False,305,542,10112,29230
Lineups,lineups,en,False,4870,16,13065,420
NBA Starting Lineups,nbastartlineups,en,False,2118,0,4012,12
Ã–LIZÃ‹,TheMicaiahOJ,en,False,700,579,38788,93
Ã–LIZÃ‹,TheMicaiahOJ,en,False,700,579,38789,93
El Hadji Moussa Diouf ğŸ‡¸ğŸ‡³,ehmd06,fr,False,646,519,13339,14389
...,ROLANDBLUNT5,en,False,3616,903,68192,2716
Faâš¡ï¸,FerAhumada_,es,False,761,531,64425,4933
Bassam Curry,bassam_curry,en,False,9,17,9255,11182
Aldo gamarraâš½ğŸ”´ğŸ”µ,alderis17,es,False,488,630,39161,949
ë˜ì „,quf1105ju,ko,False,0,2,48,1
Ã–LIZÃ‹,TheMicaiahOJ,en,False,700,579,38790,93
Charal Fernandez âš½,kike17fernandez,en,False,299,313,39427,824
Yarinette Rosario,yarinette_pr,en,False,145,907,3179,1490
TheGambleGuy(GG),TheGambleGuy,en,False,1615,848,11937,11381
DFSqueen,DFSQueen1948,en,False,306,270,4147,6700
Camille,BiBiPuce,fr,False,734,914,45629,10859
Mark Carrington,sportfanfare,en,False,103,558,1060,2
DFS Wojo,DFSWojo,en,False,201,489,564,732
CashMoneyPrince,CashMoneyPrinc3,en,False,160,103,332,178
ls,luxnffc7,pt,False,218,354,5577,3849
ThierryHussler #LiveBETğŸ,thierry_hussler,fr,False,1432,500,8567,12879
Johnnie Black,Jball0202,en,False,2799,2703,7030,6857
Dustin Dobbs,d_dobbs5,en,False,756,423,137,2284
Jen RainwaterğŸŒŠâš¾â™‹ğŸ˜,Baseball_Jen,en,False,2846,823,61150,56303
Audio Chef,beatsmadefresh,en,False,503,404,113032,106821
ExCats,ExCats,en,False,17637,900,31662,162
Trendy Bets LLC,TrendyBets,en,False,255,288,721,791
Fantasy Sports,FantasySP,en,False,5964,2258,154906,2
JeffGSpursZone,JeffGSpursZone,en,True,9128,4471,119325,597
Kurt Streblow,KurtStreblow,en,False,451,121,1934,126
BetAndSkill,betandskill,it,False,5711,208,66187,475
Locked on NBA Network,LockedOnNBANet,en,False,2641,73,20982,417
Audio Chef,beatsmadefresh,en,False,503,404,113035,106823
Hakan YÄ±ldÄ±z,hknylz14,tr,False,205,1503,56,35056
Tolga GÃ¼ven,dertrkis,tr,False,448,1418,713,2964
Today's NBA Headlines,headline_nba,en,False,600,2291,4011,0
J.L.Capilla,jlcapilla,es,False,1559,569,10748,12
SFTB Fantasy Sports,SFTB_Fantasy,en,False,61,20,28534,3
Elvin CalcaÃ±o Ortiz,CalcanoElvin,en,False,212,597,1777,2468
DFS Hero,dfshero,en,False,1223,770,41916,1
USA ã‚¹ãƒãƒ¼ãƒ„MIXï¼ ãƒ•ã‚©ãƒ­ãƒ100ï¼…,USAMIX3,ja,False,1234,2988,11402,185
Jose Laluz,laluzjose,es,False,187370,4458,54647,5793
ABA League Australia,abaleagueaus,en,False,1029,316,5782,307
Steel City Collectibles - Retail Store,steelcitycoll,en,False,3202,513,3626,2490
danny ğŸ’,deGrom_,en,False,12630,526,38817,2315
ì–‘ë„,cogus5261,ko,False,6,18,58,0
Audio Chef,beatsmadefresh,en,False,503,404,113041,106823
DFSFantasyKiller662,ColeyBoyTatted,en,False,260,240,4991,859
Griffin,MylesTurnerHiv2,en,False,61,157,778,987
MVP portal,MVPportal,en,True,5731,546,25811,1066
R ğŸ¦,LeFouDFoot,fr,False,493,193,92922,408
R ğŸ¦,LeFouDFoot,fr,False,493,193,92923,408
SportsBettingKilla,BettingKilla,en,False,376,3256,110,24
NBA ğŸ“°,BasketballRoto,en,False,1456,495,27498,1774
NBA ğŸ“°,BasketballRoto,en,False,1456,495,27498,1774
NBA ğŸ“°,BasketballRoto,en,False,1456,495,27498,1774
JimboSlice,JIMBO__SLICE88,en,False,554,2108,10929,3700
The IT Guy,Vincent_Vargas,en,False,124,507,5917,1221
NBAtoday,nb_atoday,pl,False,268,976,256,51
C.J. Gettys,gettys23,en,False,1020,475,3843,7276
NBA Fantasy,NBAFantasyHQ,en,False,396,177,5680,1
John Schuhmann,johnschuhmann,en,True,80193,528,38571,465
Laza Kacanski,LazaKacanski,sr,False,128,229,1051,968
Amber Cox,MoheganMaven,en,False,4209,3429,20982,13360
SmallTalkSports Podcast,sports_small,en,False,834,3157,386,947
Reese Taylor,ReesetothaT,en,False,674,725,13081,2174
Jolly G â˜ƒï¸,LegendaryPace,en,False,2447,501,34323,20411
Jolly G â˜ƒï¸,LegendaryPace,en,False,2447,501,34324,20411
Diday,Cesco10DAY,fr,False,35,509,1207,986
loserbet,ValentinRichart,fr,False,19,8,692,291
NSC NBA,NSC_NBA,en,False,59,28,6548,1
Gary MMG,GAdames20,en,False,684,1175,16239,88
NBA Feeds,nbafeeds_,en,False,475,220,133295,0
Be Sports Fan,bsportsfan_com,en,False,206,1558,117955,107
Bernard Moon,bernardmoon,en,False,17710,13003,32249,3029
NBAScoreLive,NBAScoreLive,en,False,12,0,6771,0
Reese Taylor,ReesetothaT,en,False,674,725,13081,2174
gregory_schultz@comcast.net,gregory91373169,en,False,18,93,24,11
YouWager.eu,YouWager_FF,en,False,3009,264,4715,1655
LatinBET,LATINbetVE,es,False,2653,2501,25908,666
Brian Handzel,HandzelSports,en,False,671,657,2469,1203
Piwip,piwip2,fr,False,51,222,1505,2457
AN HEE LEE,belleanie,ko,False,13,53,141,41
J-Mac,JMacSLM,en,False,350,503,18709,15448
NBA AnÃ¡lise,nba_analise,en,False,925,314,5215,2773
Patata,raulcobo39,es,False,11,124,415,452
The Basketball Fans,TheBasketballF1,en,False,4009,2401,2504,68881
#13 Pablo Musante,Pablo_Musante97,es,False,80,94,3877,1469
Renee,jrenee6817,en,False,48,61,92,210
Jasmine Thomas,jaszthomas,en,True,5953,790,13744,2188
Diday,Cesco10DAY,fr,False,35,509,1208,987
SutÄ Purachina Za WÄrudo,cavsnep,fr,False,279,264,15523,15930
Rose N,Matrix_49,en,False,459,265,28246,3018
ccollin13,ccollin13,en,False,108,192,4498,645
L.A. Fiebre Amarilla - Lakers en espaÃ±ol,LAFiebreLakers,es,False,6788,773,21014,3073
pedro cerven,pedrojose80,es,False,684,307,22867,33942
pedro cerven,pedrojose80,es,False,684,307,22868,33942
101 DIGITAL CURRENCY INFORMATION,101asllc,en,False,1487,3266,4102,3652
Pedro,ellehvid,en,False,608,372,5539,2336
AdriÃ¡n RodrÃ­guezğŸ€ğŸ‘ŒğŸ’›ğŸ’œ,Bang4Three,es,False,4897,1578,32184,2651
GOAT Picks,GOATPicks3,en,False,58,36,204,40
DATOS-CENTER,DatosCenter,es,False,1334,1987,9863,955
Anita Kirk,AnitaKi13159667,en,False,1,81,207,200
USA Sport24,USASport24,it,False,3705,60,295745,171427
ì•ˆì •í™”,jhg78596940,ko,False,4,4,10670,0
ì •ì¤€ì˜,bvt78596932,ko,False,1,2,10703,0
RICA ğŸ¤©,ricaforeverx,en,False,6,15,402,237
blogueur parieur ğŸ’«,blogueurparieur,fr,False,726,194,1266,1227
ê¹€ì˜ì£¼,hukk66965298,ko,False,18,4,10736,2
Jose Francisco,jose_kiko83,es,False,153,493,2061,145
Jacob Hernanskey,SunsGoat,en,False,1047,326,105179,70782
pedro cerven,pedrojose80,es,False,684,307,22870,33945
Alfredo Manuel,AmvlManuel,es,False,644,2060,3188,1451
Pichu Ruas,PichuRuas,es,False,945,1701,38591,1622
Solidsnakes-Ix D.,SolidsnakesJr,fr,False,396,395,49687,13155
Kontra5t,Kontra5tGuitar,en,False,213,4,196,43
DATOS-CENTER,DatosCenter,es,False,1334,1987,9864,955
Cesar Alcantara,alcantaracesar8,es,False,78,326,1926,295
FeedNoticias,FeedNoti,es,False,251,374,97553,12
Mayra Nelly,MayraNelly85,es,False,120,326,1271,111
josh manley,scrub69,en,False,358,1156,2572,2285
MayrelÃ­s,mayrelisdz,en-gb,False,533,261,36434,5629
Gloria Nelly,Gloria13Nelly,es,False,148,488,2053,159
Batman,batmaaaan51,fr,False,208,2467,5772,3745
Cris Rappel,CrisRV10,en,False,84,59,189,149
HEATR,HEATRsports,en,False,624,1279,44146,640
HEATR,HEATRsports,en,False,624,1279,44147,640
DATOS-CENTER,DatosCenter,es,False,1334,1987,9865,955
Yesenia Jazmin,yesijazminn,es,False,26,73,111,15
TonyMacJr,tonymacjr,en,False,339,314,13269,25192
LMI Sports,LmiSport,en,False,51,1847,773,84
Duane Rankin,DuaneRankin,en,False,3634,4320,36003,431
E-NBA,e_NBAnet,en-gb,False,230,521,13568,7
Oasis Deportivo,DeportivoOasis,es,False,1976,233,39991,10011
Lupita Salazar,Lupis_salazar13,es,False,58,166,375,46
Ryan Eagan,eaganr,en,False,40,116,3300,40
Alex #AytonSZN,Patsnation87,en,False,5813,4341,249643,133961
ThierryHussler #LiveBETğŸ,thierry_hussler,fr,False,1432,500,8570,12880
Freddy villarreal,AlfredoVillar19,es,False,80,286,672,89
Eric MarÃ­n ğŸ‡²ğŸ‡½,EricKinTg,es,False,152,297,919,4330
ê¹€ëª…êµ¬,vkb9p,en,False,10,0,7500,0
Luis Roberto Avalos,luisitorodri01,es,False,34,80,128,18
Aris Barkas,arbarkas,el,False,2037,888,37090,1109
Delivered Weekly Podcast,DeliveredWeekly,en,False,115,104,82,36
Alondra Morales,alondritta88,es,False,38,104,244,24
Sports.Ninja,PAsportsNINJA,en,False,30,234,13454,14
Doda,doda_LL,pt,False,148,107,3786,62740
JRock,brutus0855,en,False,260,222,5061,5338
Chut Jedort,CJedort,fr,False,3,37,540,1182
Rickynichole ğŸ¤™,rixie101,en,False,516,418,1914,2276
Erick Eduardo,ErickEd84670093,en,False,9,12,59,3
Mr. Pick,MrPick4,es,False,1586,3124,212,547
bobby wallace,charliessports,en,False,1747,3364,8495,544
D11forALL,D11forALL,en,False,184,4,183,75
RICA ğŸ¤©,ricaforeverx,en,False,6,15,403,237
Paula Cavazos,paulitalinda8,es,False,28,71,114,19
James Fournier,Mcl0vin3113,en,False,16,25,15,12
Alayoayo Olalekan. B,bashlayo96,en,False,63,222,145,28
GamingToday,GamingTodayNews,en,False,10311,1566,22792,8040
DATOS-CENTER,DatosCenter,es,False,1334,1987,9867,956
Argo,stl_TIGER,en,False,71,268,886,1434
UpDown Report,UpDownReport,en,False,223,260,134,36
Sports.Ninja,PAsportsNINJA,en,False,30,234,13456,14
Chut Jedort,CJedort,fr,False,3,37,542,1183
ChiliPhil,chili_phil,en,False,36,102,55,63
Anti-Banqueros,ParleyAB,es,False,9538,81,15424,3394
Kyle,Klantz9,en,False,7,281,937,2218
Grizzlies Social,GrizzliesSocial,en,False,63,0,7885,0
AurÃ©lien HÃ©bert,AurelHbert,fr,False,19,146,447,965
Sports Watch Monitor,SportsWatch1,en,False,14968,23737,89071,3653
Jose Jesus Figueroa,jjfigueroa25,es,False,75,556,879,173
DFS Hero,dfshero,en,False,1223,770,41917,1
DATOS-CENTER,DatosCenter,es,False,1334,1987,9869,957
Siakam4MIP,BigBallerJayy,en,False,543,331,64138,2711
King of Kings,TheBrandofMarc,en,False,1657,1316,84202,3419
PickswiseNBA,PickswiseNBA,en,False,707,309,1701,1697
NBA Fantasy,NBAFantasy,en,True,205222,603,35362,133
Deportivo Mundial,DepMundial,es,False,9,219,239,0
FanDuel Sportsbook,FDSportsbook,en-gb,True,5859,1443,4643,120
Ponchin,ponchinconsult,en,False,135,877,5320,117
Audio Chef,beatsmadefresh,en,False,503,404,113044,106835
Ponchin,ponchinconsult,en,False,135,877,5320,117
NBA ğŸ“°,BasketballRoto,en,False,1457,495,27501,1774
NBA ğŸ“°,BasketballRoto,en,False,1457,495,27502,1774
ThierryHussler #LiveBETğŸ,thierry_hussler,fr,False,1432,500,8574,12882
NBA Feeds,nbafeeds_,en,False,475,220,133296,0
Basketball Vidz,bball_videoz,en,False,1191,5002,39288,39767
HEATR,HEATRsports,en,False,624,1279,44148,640
HEATR,HEATRsports,en,False,624,1279,44149,640
HEATR,HEATRsports,en,False,624,1279,44150,640
HEATR,HEATRsports,en,False,624,1279,44151,640
HEATR,HEATRsports,en,False,624,1279,44152,640
Mike & Drew Sportsâ„¢,MikeandDrewShow,en,False,370,1089,9670,561
HEATR,HEATRsports,en,False,624,1279,44153,640
IGNORANCEISDISASTER,PAINFULTRUTHDAY,en,False,1888,2203,10754,1596
Franchise Freshie,xFreshie,en,False,854,552,32198,2926
Hydro Sports,Hydro_Sports,en,False,688,1615,122328,12
Franchise Freshie,xFreshie,en,False,854,552,32199,2927
NOW SPORTS,NOOW_Sports,en,False,11821,4706,4276,13144
48 MINUTES,48minutesntwrk,en,False,547,507,2201,1896
NEO Sportswagon,NeoSportswagon,en,False,326,295,17249,18186
Brandi Poole,CoachBrandi33,en,False,2148,540,2373,7870
DATOS-CENTER,DatosCenter,es,False,1334,1987,9870,958
J.L. Barbero,Juanlu_num7,en,False,2589,2185,23182,4573
Apostas ApostaGanha,apostaganha,pt,False,4667,681,50512,472
Louis Douglas - The Lounge,TheLizzzLD,en,False,98,134,676,47
NBAPUESTA,nbapuesta_,es,False,83,13,5,0
Audio Chef,beatsmadefresh,en,False,503,404,113053,106835
Anthony,AntFullGameGuy,en,False,90,268,817,390
Victor Truth.,VictorTruth4,en,False,0,2,6,2
Moriarty,MoriartyPicks,es,False,17,165,22,6
w4ter_monkey,w4ter_monkey,fr,False,10,42,293,197
Louis Douglas - The Lounge,TheLizzzLD,en,False,98,134,676,47
Grayson,G_Bright2,en,False,2949,1088,24461,47206
A.,SartoTime,es,False,246,247,7839,5366
True religion Fein ã²ã²ã²ã²ã²ğŸŒ,itsericccccc,en,False,483,1158,2619,127
AcademyBridge,DocereG,en,False,3,10,3657,1
Nba's Knights,NbaKnight,fr,False,94,8,99,14
Beth Sullivan,GAPeachPolymer,en,False,292,143,9156,24802
Rosina Graham,Rosina_Graham,en,False,211,898,2826,1074
Yan Marcos ğŸ€âš½,YanMarcos23,pt,False,155,888,18843,18763
GoGetIt..,Jsmooth317,en,False,56,573,1601,883
gg131186,gg131186,fr,False,162,102,5323,12862
Nend SudesğŸ‘Œ,porto_jaden,en,False,283,119,12220,7139
Micke,Wiibyx8,fr,False,28,233,838,770
Domingo PÃ©rez,sundayperez,es,False,1068,646,16881,19523
ìœ ì„±ì€,888sugn,ko,False,0,0,58,0
Federico Lobo ğŸ“»ğŸ“ºğŸ—,federicolobo19,es,False,206,1026,9800,530
Fantasy CPR,fantasycpr,en,True,6942,1533,25048,4105
FanSided Fantasy,FanSidedFantasy,en,True,6220,396,16816,196
BasketMe,basketme,es,False,3245,986,48448,126
The Scorecrow,TheScorecrow,en,False,2912,2536,2777,1374
MDB,I1MDB,en,False,453,1263,1445,18688
MBM,786MBM786,en,False,6,53,17,58
Sport/Racing Tips,bets_racing,en,False,0,0,1,0
NbaReligion.com,NbaReligion,it,False,18925,1192,31580,8099
Roberto Garcia,rcgarcia674,es,False,226,484,5202,119
Alberto Comeche,comechenator,es,False,1263,360,89273,19290
HEATR,HEATRsports,en,False,624,1279,44158,640
HEATR,HEATRsports,en,False,624,1279,44159,640
Federico Lobo ğŸ“»ğŸ“ºğŸ—,federicolobo19,es,False,206,1026,9801,530
skins,artrt__,fr,False,200,288,14530,2839
NBA,NBA,en,True,27528088,1698,219313,336
Marcinho,BostelMarc,fr,False,28,211,216,177
Arnon Dror,arnondror1,en,False,122,43,1387,8051
Dosis De NBA,dosisdenba,en,False,71,53,736,213
sayonara,sayonaramovie,en,False,3045,3761,41066,0
David CÃ©spedes,DCespedesH,es,False,311,484,2258,15632
Jamaal Al-Din,legend_chilinba,en,False,50,569,58788,1
RATCONTY,ratconty5,fr,False,215,613,11241,6740
Rip City Brasil ğŸ‡§ğŸ‡·,BlazersBrasil,pt,False,4743,1472,93792,3495
PlayCity Apuestas,PC_Apuestas,es,False,1130,156,4059,2145
Davide Chinellato,dchinellato,en,True,10671,1394,78878,1793
ALL_in_NBA,ALL_in_NBA,ja,False,1281,228,99133,2
kuz,dreadfade,en,False,2329,1446,92949,334
CAPPING $$$,CAPPING02081416,en,False,15,897,2,0
ìŠ¤í¬ì¸ ì¤‘ê³„  livetv777.com,Armor_Com,ko,False,1123,1391,34356,0
RATCONTY,ratconty5,fr,False,215,613,11242,6740
Sport/Racing Tips,bets_racing,en,False,0,0,1,0
Tim Daniel,TimDaniel518,en,False,1080,874,46608,6942
KlÃ¡dÃ­us - #ğ““ğ“²ğ“»ğ“´ğ“½ğ“®ğ“¬ğ“½ğ“²ğ“¿ğ“®,iC14ud9O,it,False,195,218,77275,64315
Ben Brown,Ben_Brown98,en,False,1609,2239,36825,10899
Dror Haas,SparrowMinded,en,False,2423,954,115661,189369
Matt Erhard,CoachMattErhard,en,False,165,1677,907,5022
Suites EA Team,LynnEA58,en,False,520,2268,55168,12416
Coner,JapanPinards,en,False,117,285,1604,22996
ã‚«ãƒ¼ãƒ¡ãƒ­ãƒ³(ã‚µãƒ³ãƒ€ãƒ¼æ¨ã—),reonasneaker,ja,False,165,323,1714,7431
bobby wallace,charliessports,en,False,1747,3365,8497,544
Lipstik,JambonGros,en,False,33,116,783,1038
Mrs Shuttlesworth,bambiii26,en,False,910,284,305210,12
Armando,ArmanditoV,en,False,660,696,63279,450
KlÃ¡dÃ­us - #ğ““ğ“²ğ“»ğ“´ğ“½ğ“®ğ“¬ğ“½ğ“²ğ“¿ğ“®,iC14ud9O,it,False,195,218,77275,64315
Abhi Adulla,AbhiAdulla,en,False,13,119,117,146
Juan Pablo Teixeira,JuanPTeixeira,es,False,1127,3507,45490,1993
Armando,ArmanditoV,en,False,660,696,63280,450
SportsGossip.com,sportsgossip,en,False,858,403,16427,760
Alpha Ousmane ğŸ‡¬ğŸ‡³ğŸ‡¬ğŸ‡³,AlphaOu70386669,fr,False,335,304,2332,3342
Vania Santos,latineuro,en,False,2816,4832,33321,24
vincinho,vincinho2,en,False,54,197,815,735
ìµœìš°ì°¬,ak438388,ko,False,0,0,53,0
Jaime,Jaime78450116,en,False,31,70,822,846
StarksğŸ”‹ğŸ”Œ,starks_industry,en,False,6007,5706,2427,4167
Kris M Gardner,TheHRReview,en,False,1222,856,76238,585
CAPPING $$$,CAPPING02081416,en,False,15,929,3,0
All NBA,AllNba2100th,fr,False,1,3,12,26
Sportometry NBA,SportometryNBA,en,False,50,4,18392,0
NBA Feeds,nbafeeds_,en,False,475,220,133297,0
Sportando TÃ¼rkiye,SportandoTR,tr,True,10309,115,18028,43
DFS Mario,Mario_DFS,en,False,402,1294,51,33
BÃ¡squet Plus,basquetplus,es,False,52046,873,103816,320
David Maestre DÃ­az,David2002Dmd,es,False,124,794,2632,5625
ìŠ¤í¬ì¸ ê°€ì¡±ë°© - ì¹´í†¡:PPP727,whtndud1313,ko,False,323,521,29490,0
Gon Freecs,aSmoothJay,en,False,274,540,21463,5524
Abdi Ahmed,AbdiAhm11156683,en,False,10,10,1732,3
Basketpro-no,PronosNBA4,fr,False,22,79,11,3
Silvano Bovo,NarutOSC2,de,False,4203,564,9828,3404
BÃ¡squet Plus,basquetplus,es,False,52046,873,103817,320
#cloudgang,MrCloudGang,en,False,643,981,6609,4621
Matthias Wilke,lebensgeister13,de,False,2101,3743,225109,13752
ì„ìˆ˜ì§€ã„´,freefree502,ko,False,1,6,49,0
Nick Steig,NickSteigDFS,en,False,1884,1299,3795,2508
Audio Chef,beatsmadefresh,en,False,503,404,113059,106831
JG,JuanGarita5,es,False,217,166,19410,38009
Audio Chef,beatsmadefresh,en,False,503,404,113061,106831
Crash ğŸ‡ğŸ‰ğŸ¥‚,kanuchronicles,en,False,666,1458,16113,2889
TRAMP,LT38,en,False,8604,0,953685,434502
Lionel Peyronnet,LionelPeyronnet,fr,False,1357,4843,35744,29979
Matthias Wilke,lebensgeister13,de,False,2101,3743,225110,13752
Lionel Peyronnet,LionelPeyronnet,fr,False,1357,4843,35748,29979
Neer,neerray,en,False,590,589,14195,2499
NBA Central,TheNBACentral,en,False,90963,85,12919,431
Ryne Robinson,ryno2409,en,False,314,1734,598,653
Jeff Thomas,Coach__Thomas,en,False,471,671,3767,629
Ryan,Westbr00kMVP,en,False,334,394,11265,3302
Jeff Thomas,Coach__Thomas,en,False,471,671,3768,629
ğ–†ğ–™ğ–™ğ–Šğ–“ğ–™ğ–ğ–”ğ–“,AlexiaRivier,fr,False,437,633,22002,14744
dailyfantasyupdates,dailyfantasyszn,en,False,137,6,244,20
LeBrot,Lebrot23,en,False,926,391,222211,635
Sammie,SamCamp75,en,False,745,480,134331,133205
SAfavrt2,SAfavrt2,tr,False,700,1778,3169,10421
CHEFDEH BEATZ,chefdeh,en,False,11,125,200,20
ğŸƒ,NoseNaYork,es,False,5598,2603,63181,38638
Matthias Wilke,lebensgeister13,de,False,2101,3743,225111,13752
Premier Betting Advice,AdvicePremier,en,False,1,0,20,20
Ahmad Spurs,ahmad_spurs,en,False,1,16,8975,11138
Raelzan-X-Riley,Raelzann,fr,False,99,364,2918,1020
ì¥ì„±í˜¸,tjdghgk123,ko,False,5,19,54,0
YarÄ±saha Basket,YarisahaBasket,tr,False,12300,274,51915,0
Matthias Wilke,lebensgeister13,de,False,2101,3743,225112,13752
Andres Tacle,andrestacle,en,False,3298,2225,24567,2329
Pete Accetturo,vvojespn,en,False,27,79,237,145
wavz,WhatzDaWave,en,False,61,162,4903,14
Gana y Cobra,ganaycobra,es,False,1200,1161,1240,270
MR Productions,OfficialMRPro,en,False,93,20,394,71
HEATR,HEATRsports,en,False,623,1279,44160,640
HEATR,HEATRsports,en,False,623,1279,44161,640
ğŸ’œHAPPY ZU YEAR(21-16)ğŸ’œ,stonedlakerfan,en,False,505,631,2352,2000
Matthias Wilke,lebensgeister13,de,False,2101,3743,225113,13752
We Are Texans,houstonfan00,en,False,2641,1577,402452,170281
Julio CÃ©sar Moreno,JulioCMoreno14,en,False,915,638,320796,852
USA Sport24,USASport24,it,False,3705,60,295754,171427
Global Analytica,AnalyticaGlobal,en,False,348,5,75934,2
Name = Freddie,TipsByFreddie,en,False,94,292,307,120
USA ã‚¹ãƒãƒ¼ãƒ„MIXï¼ ãƒ•ã‚©ãƒ­ãƒ100ï¼…,USAMIX3,ja,False,1234,2988,11403,185
Fantasy Pipeline NBA ğŸ€,FP__NBA,en,False,586,42,678,82
Dunk First,DunkFirst,en,False,0,53,47,16
Sam I Analyze,samIanalyze,en,False,637,1923,7903,1375
Mind Rippers,MindRippers,en,False,12,35,902,964
DFS Prime Lineups,DFSPrimeLineups,en,False,4564,3075,32545,2247
IG: @Nelson WilkinsğŸ‡­ğŸ‡¹,Wilkinsjournal,fr,False,602,133,20729,27873
YTowers ï£¿,yadielluiss,es,False,231,505,3777,442
The Sky Show CHI,TheSkyShowCHI,en,False,842,1104,12081,23460
Matthias Wilke,lebensgeister13,de,False,2101,3743,225114,13752
BÃ¡squet VermouthğŸ€ğŸ¸,basquetvd,es,False,680,787,6176,0
Sam Amico,AmicoHoops,en,True,71613,763,35005,14672
Gloku,abdollar19,en,False,1476,5000,114360,164355
DameJMcLillard,Callme_Joshie,en,False,1604,439,24422,12603
brant derrow,Bderrow3,en,False,15,88,15,6
Paul Williams,RockyTopFan8,en,False,739,2223,107987,83585
LeBrot,Lebrot23,en,False,926,391,222219,635
ProHoopsDigest,ProHoopsDigest,en,False,190,168,1694,2375
Phil Hecken,PhilHecken,en,False,39030,3062,114175,1217
KTL Sports Picks,WalkoffPicks,en,False,86,74,1406,22
El Chef â˜•ğŸ¦…ğŸ‡©ğŸ‡´ğŸ‡µğŸ‡·,leonardcash,es,False,1675,1205,38025,12681
Angelica Angeles,aangeles14,en,False,197,811,21755,24166
Dunk First,DunkFirst,en,False,0,53,48,16
BlowoutBuzz,BlowoutBuzz,en,False,5550,2487,50502,445
Name = Freddie,TipsByFreddie,en,False,94,292,309,120
Charles 'Aga' Monroe,Charles33Monroe,tr,False,3198,304,9728,41
Sean Dice,makemoneyhandi1,en,False,1214,3747,4803,750
ì´ê±´í¬,wkrjs1,en,False,0,1,287,0
KTL Sports Picks,WalkoffPicks,en,False,86,74,1407,22
Matthias Wilke,lebensgeister13,de,False,2101,3743,225115,13752
The Starkman,Starkman55,en,False,1028,3650,212780,5980
Eduardo Rojo,Rojo09Edua,en,False,101,114,561,1744
vestel shirley,vestelshirley,en,False,44,0,7311,9
FlashPug,FlashPugUK,en,False,1014,1111,12776,109
juan ğŸ‘Œ,juan_viera3,es,False,175,313,15083,7826
Paul Williams,RockyTopFan8,en,False,739,2223,107989,83585
Matthias Wilke,lebensgeister13,de,False,2101,3743,225116,13752
RoShamBo Sports,RoShamBoSports,en,False,602,955,98011,67
TatiGvBN,Mr_Mr_777,en,False,363,626,1421,2022
Josh,successfulkais,en,False,212,805,10272,29568
à¸ŸÎ±ndÑ”Ñ GÎ±ÑcÎ¹Î±,wandeRlupeRon24,es,False,1118,799,167055,1503
Colton Jones,cjoneshoops,en,False,538,1284,1473,4008
Conrad Burry ğŸ”´ğŸğŸ¨,conradburry,en,False,12847,330,16033,12676
Joel Wagler,jawsrecliner,en,True,1911,1634,27619,8815
CicerÃ³n Emperador,CicernEmperador,es,False,2053,4418,23594,7861
KTL Sports Picks,WalkoffPicks,en,False,86,74,1408,22
jFully,jkamp71,en,False,244,224,2756,2388
lostlife,lost4lifee,en,False,156,156,1122,44
Jay Anderson,HereGoJayAgain,en,False,2171,2653,128246,26232
Jace Pulse,jace_pulse,en,False,446,279,1107,5026
Mr. Swag,mrswagpicks,en,False,60876,62292,44310,7050
Sportium,sportium,es,True,41060,260,27790,1313
NBA Feeds,nbafeeds_,en,False,475,220,133298,0
Concerned Citizen,dfwcitizen,en,False,5684,372,1917,1106
KTL Sports Picks,WalkoffPicks,en,False,87,74,1409,22
LordFine$$e,Oedipus265,en,False,154,337,5286,3305
CicerÃ³n Emperador,CicernEmperador,es,False,2053,4418,23595,7862
HEATR,HEATRsports,en,False,623,1279,44162,640
HEATR,HEATRsports,en,False,623,1279,44163,640
48 MINUTES,48minutesntwrk,en,False,547,507,2202,1897
Josh Wilson,JoshWilsonFS,en,False,8589,8658,28597,8469
David,David15526396,es,False,52,75,426,48
Stolen Sweeties,StolenSweeties,en,False,2519,2695,349159,213900
Dom Bald Dont LieğŸ€ (Domaldoâš½ï¸),dominiquetruth,fr,False,15779,1452,35007,23990
ExtraHoops,Extra_Hoops,fr,False,2,10,273,0
Reginaldo Da Tapiocaâ„¢,Coalaooo,pt,False,1839,875,381653,109179
DFS Karma,DFS_Karma,en,False,11886,13006,17954,8492
PickDraft,PickDraftDFS,en,False,858,910,3379,14
Name = Freddie,TipsByFreddie,en,False,94,292,310,120
#DarkskinDebarge,VonHodges,en,False,997,514,98839,37
Barca-Lakers (21-16),simo_barca4,fr,False,722,2211,111332,34601
++,castilladri,es,False,898,408,8197,7707
Katie,NVNN5lZLXRMyF9l,en,False,2,0,284,238
Vania Santos,latineuro,en,False,2816,4832,33327,24
PG for MVP,GreenMachine249,en,False,346,669,12386,37182
Walrry M. Regalado,RegaladoWalrry,es,False,1400,1006,78101,26121
í™ì„±ê´‘,tjdrhkd4540,ko,False,0,0,54,0
PJ Lopez,PJLopez17,en,False,62,53,227,143
Brent Willison,brent3balls,en,False,44,33,177,101
Sports Watch Monitor,SportsWatch1,en,False,14968,23737,89072,3653
Cleitiger 22ğŸ‘‘,CleiTiger,en,False,2042,864,163351,2488
Daily Fantasy Squad,DailyFantasySQD,en,False,2655,151,3103,2836
Paul Williams,RockyTopFan8,en,False,739,2223,107994,83586
Leaveit2Divac,Leaveit2Divac,en,False,2212,1251,3855,1600
zebulon65,Gregorylheriti3,fr,False,1,73,2273,3664
LumberjackDFS,LumberjackDFS,en,False,329,44,1837,553
Edwin Trinidad,edwintrinidad,es,False,2624,771,26585,10429
8 Deportivo,8Deportivo_,es,False,480,185,17388,623
DFS_JDM,DFS_JDM,en,False,2911,608,10867,8173
Brandon Jackson,jacjack202,en,False,125,409,1348,279
Name = Freddie,TipsByFreddie,en,False,94,292,312,121
ShayDFSğŸ’°â¤ï¸ğŸ˜Š,Shayballa25,en,False,660,803,1917,1921
Matthias Wilke,lebensgeister13,de,False,2101,3743,225117,13752
Wahaj Mallick,lukadonwitch,en,False,71,40,2075,2
AN HEE LEE,belleanie,ko,False,13,53,142,41
RJ Marquez,KSATRJ,en,False,2129,1359,8671,6715
RadioTAB Australia,RadioTABAus,en,False,5189,909,22099,2519
Jose Manuel Puertas,josempuertas,es,True,8722,2081,83298,131
Riz,BiIlCollector,en,False,72,267,172,2424
ZORM Events,ZormEvents,en,False,13,8,28,1
Danhi Romero âš¾ğŸˆğŸ€âš½,danhiromero,es,False,5088,389,37585,1359
HEATR,HEATRsports,en,False,623,1279,44164,640
HEATR,HEATRsports,en,False,623,1279,44165,640
Sports Watch Monitor,SportsWatch1,en,False,14968,23737,89073,3653
Big Woody's,BigWoodys,en,False,232,902,2222,19
Hoopkards,hoopkards,en,False,41,427,11689,104
Paul Williams,RockyTopFan8,en,False,738,2223,107996,83587
Matthias Wilke,lebensgeister13,de,False,2101,3743,225118,13752
NBA Boat,NBAboat,en,False,93,474,8703,48
Matthew Daley,MattDaleyOH,en,False,319,597,45416,6852
Sports Watch Monitor,SportsWatch1,en,False,14968,23737,89074,3653
turiniste,turiniste,fr,False,674,4977,3770,31462
Arturo Ochoa,Arturo8aoficial,es,False,255,575,11758,437
Jose,Jose53618275,en,False,4,24,23,1
Mario Milojevic,MarioMilojevic,en,False,179,302,1171,126
dd,AKAfroster,en,False,27,83,3755,5569
NBA_AO,nba_ao,en,False,64,54,974,653
Paul Williams,RockyTopFan8,en,False,739,2223,107997,83586
argenis hernandez,gemelos99,es,False,221,523,2050,41
Alihan Olcar,AlihanOlcar,tr,False,369,542,28776,39624
ì•ˆì •í™”,jhg78596940,ko,False,4,4,10671,0
Odev1,Odev110,tr,False,475,1086,194110,5
ì •ì¤€ì˜,bvt78596932,ko,False,1,2,10704,0
ê¹€ì˜ì£¼,hukk66965298,ko,False,18,4,10737,2
ğŸ’³ğŸ’¶MoneymanemacğŸ“±ğŸ”­,MoneyMane_MaC,en,False,2967,4996,83003,279
Trace R.,TMcgradyR,en,False,488,452,40163,131478
NBA,NBA,en,True,27528145,1698,219316,336
Thales Mateus,VemcomTH,pt,False,98,229,24655,2160
hardie_girl,meredyddhardie,en,False,204,221,2304,4019
Sowtuom KingPromiseğŸ‘‘,saybongo,en,False,333,433,994,209
Richard Goode,Richard09983804,en,False,29,431,1825,816
Jamison Fazzi,JamisonFazzi,en,False,46,42,1131,3054
Odev1,Odev110,tr,False,475,1086,194135,5
Adonis Catedral,CatedralAdonis,es,False,89,230,3149,268
â€¢ Cannot peach lipbalm â€¢,Ronlmnop_,en,False,40,208,534,650
ğŸ’³ğŸ’¶MoneymanemacğŸ“±ğŸ”­,MoneyMane_MaC,en,False,2967,4996,83011,279
Barba_Rija,barba__rija,pt,False,2654,732,100233,21239
Rain,RafaM485,en,False,105,99,2527,5354
Who Holds The Title,titleholders,en,False,227,1157,5530,108
GwoChefBandi,FifthYonkou,fr,False,1325,1195,117938,2578
LeBrot,Lebrot23,en,False,925,391,222247,635
World Basket-Ball,WorldBasketbal7,fr,False,3491,595,7297,3007
India Fantasy,india_fantasy,en,False,5107,12,9697,36
FanDuel Sportsbook,FDSportsbook,en-gb,True,5858,1443,4644,120
brant james,brantjames,en,True,10073,993,21431,767
BasketMe,basketme,es,False,3244,986,48449,126
CelebrityGossipNews,Celebs1Gossip,en,False,34,12,7404,0
Steve&JimFixtheWorld,SteveandJimFTW,en,False,1284,5000,11790,27196
Ä°ddaa Tahmin KulÃ¼bÃ¼ / EyÃ¼p YÄ±ldÄ±z,eyupyildizz,tr,False,41166,96,23194,22469
HEATR,HEATRsports,en,False,623,1279,44166,640
All Sport News,All_SportNews,es,False,23298,59,192713,58
HEATR,HEATRsports,en,False,623,1279,44167,640
NBA Feeds,nbafeeds_,en,False,475,220,133299,0
Mile High Sports,MileHighSports,en,False,13313,835,63198,3943
GoodBet,officialGoodBet,en,False,878,6,195,69
Basketball Vidz,bball_videoz,en,False,1191,5001,39289,39768
Brandon Jackson,jacjack202,en,False,125,409,1351,279
Stolen Sweeties,StolenSweeties,en,False,2519,2695,349180,213913
Sports Watch Monitor,SportsWatch1,en,False,14968,23737,89075,3653
Boogey,BoogeyThat,en,True,12001,1506,158891,3400
The Scorecrow,TheScorecrow,en,False,2913,2537,2778,1375
Î‘Î»Î´Î¿,aldcont11,es,False,75,77,8466,603
EyÃ¼p YÄ±ldÄ±z,eyupyildiz,tr,False,44643,6538,136321,19644
Debora Rabelo,DeboraRabeloEsc,pt,False,156,512,15844,17454
"Richard Davis, Jr.",RichardDavisJr2,en,False,161,945,6769,9127
DeporteVintage,Basketvintage9,es,False,3452,101,2039,1168
Bartek Misztal,Kev_Gar21,pl,False,268,395,2869,2304
Maverick,javiedu2,en,False,194,337,22098,54469
Brandon Jackson,jacjack202,en,False,125,409,1354,279
jan,_JanRainier,en,False,337,313,6553,3412
Jamaal Al-Din,legend_chilinba,en,False,50,569,58791,1
Hoopkards,hoopkards,en,False,41,427,11690,104
NBA ğŸ“°,BasketballRoto,en,False,1457,495,27503,1774
NBA ğŸ“°,BasketballRoto,en,False,1457,495,27504,1774
Furyskilsprono,furyskils,en,False,38,58,291,467
BIG SHOT.,anchorite_,en,False,1114,788,65553,732
Donovan âœª,CoolBoyDeno,en,False,1334,793,25483,13122
dvd,Deivii11,es,False,134,113,953,862
Alayoayo Olalekan. B,bashlayo96,en,False,63,222,146,28
MugtheBookie.comÂ®,MugtheBookie,en,False,16755,15045,11748,2375
Obedience Vincent Kantiok,Obedience116,en,False,4355,4089,4596,452
J A M E S ãƒ„,James_Mukuria,en,False,788,827,3760,2378
Gordon Gekko,GordonGekko14,en,False,946,375,7912,1915
angela,avitale23,en,False,372,907,57637,2271
Paul Williams,RockyTopFan8,en,False,740,2223,108009,83593
Daily NBA Fantasy,DailyNBAFantasy,en,False,14735,1356,61400,2
Donny Action,donnyaction21,en,False,1333,1685,35557,323
Serbio,NS_Casual,es,False,230,215,619,1171
KSAT 12,ksatnews,en,True,226810,851,174250,986
æ´ªå˜‰é€²,jj33889988,zh-TW,False,2533,5001,17962,17189
FanSided Fantasy,FanSidedFantasy,en,True,6220,396,16817,196
Fantasy CPR,fantasycpr,en,True,6942,1533,25051,4105
Anseli ZolağŸ‘‘ğŸ’¥â„¢ï¸,AnseliT,en,False,58,71,1296,3021
Net Sports 247,247_net,en,False,3,0,465,0
NBA Fantasy,NBAFantasyHQ,en,False,396,177,5681,1
RATCONTY,ratconty5,fr,False,215,613,11244,6740
Rayshawn Campbell,court_havoc,en,False,116,452,5070,9213
Manu Planetario,ManuPlanetario,es,False,1645,1485,95913,70632
Mario Peres,iEatCrayons4,en,False,637,1323,21357,14046
Matthias Wilke,lebensgeister13,de,False,2101,3743,225122,13752
VegasInsider.com,TwitVI,en,False,29063,1109,55121,1496
Moreno,Morenoldotx,en,False,146,212,1050,1679
LineStar NBA ğŸ€,LineStarNBA,en,False,2914,1,28195,339
LineStar NBA ğŸ€,LineStarNBA,en,False,2914,1,28196,339
World Basket-Ball,WorldBasketbal7,fr,False,3491,595,7298,3009
TJ Macauley,southJerseyGod,en,False,388,37,12861,1741
KJ Reports,kjnbareports,pl,False,470,253,10296,99
Ramses.,Ramynovski,es,False,275,430,10474,12241
Sports Watch Monitor,SportsWatch1,en,False,14968,23737,89076,3653
Joe,Joe32077,en,False,238,1236,9026,2067
Armandotheman,armandotheman00,es,False,662,2725,33937,216
Trillo Francois,francoistrillo1,fr,False,990,1455,581,919
KJ Bets,KJBets,en,False,329,710,907,1186
ElReydelParlayâ™•,ElReydelParlay,es,False,5327,197,12286,1078
AenTeRia,skdlvm158,ko,False,9,70,245,2
Dave Ramos,dfsenchilada,en,False,766,889,6226,409
Joanne Spruce,JoanneSpruceC21,en,False,4848,4376,48736,0
Thebeaaard,Thebeard_bldt,fr,False,503,487,78432,6335
ALL_in_NBA,ALL_in_NBA,ja,False,1280,228,99134,2
Bouguie Burger ğŸ”,a2lanyoung92i,fr,False,403,174,38620,110
ìŠ¤í¬ì¸ ì¤‘ê³„  livetv777.com,Armor_Com,ko,False,1126,1392,34357,0
Daniel_capitan,Winna_Dani,es,False,913,4790,40696,3949
Hoopkards,hoopkards,en,False,41,427,11691,104
Daniel_capitan,Winna_Dani,es,False,913,4790,40698,3949
LMI Sports,LmiSport,en,False,52,1848,774,84
Respect My Blog,respectmyblog,en,False,4385,3921,33706,100
Orchidee5708,orchidee5708,fr,False,73,36,6230,12065
ì˜ˆìˆ ê°€ Meak,_meakxx,fr,False,159,89,10201,25546
Ervin Lemark,ErvinLemark,en,False,370,530,4800,159
Julio GuzmÃ¡n,JulioGu98401053,es,False,16,38,35,55
FLOOD CONTROLS NY-NJ,JosephDeMauro1,en,False,466,5002,31869,4812
Travis Gorsch,tgorsch3,en,False,1292,657,21949,76
Vic,Vic2538,es,False,1001,667,3594,464
Joe Meyer,sdql,en,False,497,56,1666,579
Matthias Wilke,lebensgeister13,de,False,2099,3743,225123,13752
fanboy do Olynyk,Mc420P,pt,False,306,1023,9277,10129
Pol,POLESELREY,es,False,158,434,21612,4311
TEAMLEFTJAB,TEAMLEFTJAB,en,False,5058,3002,27121,4892
Olyv973,cetutilisateure,fr,False,71,59,16017,32681
#ãƒ¢ãƒ‹ã‚¿ãƒªãƒ³ã‚°å‹•ç”»ã¾ã¨ã‚,monita_douga,ja,False,1000,657,1556,91
Olyv973,cetutilisateure,fr,False,71,59,16022,32686
Fast Breakz,FastBreakz,en,False,76,86,305,36
ãƒ¤ãƒå‹•ç”»ã¾ã¨ã‚,buzzdogamatome,ja,False,1077,36,2990,111
Kim Cardona,KimJCardona,en,False,321,1651,384,98
Sean,smitchell17,en,False,994,576,36890,7634
TyÂ®ï¸,QuotedbyTy,en,False,727,593,11076,1787
DFS Hero,dfshero,en,False,1223,770,41919,1
MVP DNA,mvpdna,en,False,1287,334,2253,156
pierre_bet,BetPierre,en,False,7,66,67,26
Yuliana Cherry,Cherrsexy1,es,False,3197,4998,562,18068
KING,KevaNjoroge,en,False,482,535,17312,22563
tim horgan,kaylive,en,False,564,1010,2992,4751
SOLDADO DE MARCELO PABLO BARTICCIOTTO,FcoAlonso88,es,False,1161,1075,66067,2034
NBA Feeds,nbafeeds_,en,False,475,220,133300,0
DFS,DFS84749380,en,False,28,68,11,7
Abri,AbrahamBB96,es,False,443,433,49838,23
TrashTalk Fantasy Lab,TTFLab,fr,False,13130,372,10913,11227
Hydro Sports,Hydro_Sports,en,False,688,1615,122333,12
LMI Sports,LmiSport,en,False,52,1848,775,84
ìŠ¤í¬ì¸ ê°€ì¡±ë°© - ì¹´í†¡:PPP727,whtndud1313,ko,False,323,521,29491,0
LeBrot,Lebrot23,en,False,925,391,222274,635
STARBOY â­ï¸,Garciak_15,en,False,357,322,54528,44769
Donde Jugar al Padel,DondeJugarPadel,es,False,2064,707,3208,0
caillou borden,caillouborden12,en,False,748,4997,63199,9300
Bill O'Rear,billohoops,en,False,89,172,1012,610
FanDuel,FanDuel,en,True,211301,1816,56741,18671
Top Tips Bet,TopTipsBet1,en,False,6,35,31,29
Andrew Mack,Gingfacekillah,en,False,41,95,105,347
BigDaddyMVP,BigDaddyMVP8,en,False,3,12,38,5
caillou borden,caillouborden12,en,False,748,4997,63200,9300
joey,dfs_joey,en,False,304,216,1504,918
National Bar Assoc.,nationalbar,en,False,7945,747,6224,712
Alfonlolo,alfonlolo,es,False,362,272,1510,615
ë°•í˜„ìš°,thinkphw,ko,False,0,2,52,0
GOATğŸğŸ,Soslamy23,en,False,7572,6322,71721,73628
Kingpin.pro,KingPin_Pro,en,False,1711,4239,1124,583
TC The Truth,NeverSitStill02,en,False,675,1531,16733,14379
BrettNault@SCP,BrettCU05,en,False,573,86,3936,147
jean,jeanrojas06,es,False,110,435,599,6183
Noelia Cvitanovic,nochudeleste,es,False,1770,853,56710,4798
wutang44,MERCIERDAVID1,fr,False,122,262,2504,2825
Event Manager for Nicki Minaj,CourtlandOlson,en,False,638,591,73868,5310
Hoopkards,hoopkards,en,False,41,427,11692,104
Sam Ficarro,SamFicarro,en,False,450,1254,118471,4342
richard rathe,rathe_richard,en,False,270,581,22796,22876
BrettNault@SCP,BrettCU05,en,False,573,86,3937,147
TC The Truth,NeverSitStill02,en,False,675,1531,16735,14381
LineStar App ğŸ†,LineStarApp,en,False,8381,102,12813,12067
Gamestat254,gamestat254,en,False,184,334,574,59
LMI Sports,LmiSport,en,False,52,1848,776,84
Betting Jesus Vegas,BettingJesus1,en,False,6936,2436,30261,3016
VÃ­ctor Mayolas Vila,victormayolas,ca,False,135,288,64317,233
Matthias Wilke,lebensgeister13,de,False,2099,3743,225125,13753
Sergio,Sergio22Mr,es,False,1137,494,81023,28089
The Humbled man,_Sulay1,en,False,337,767,2071,3294
"Robert Raiola, CPA",SportsTaxMan,en,False,55683,1677,38635,13997
Redhead Lorri ğŸ™‚ğŸ’™ğŸ’›,RedheadLorri,en,False,409,374,22688,26663
The Shark,TABShark,en,False,3403,773,2549,1080
TAB Sport,TAB_Sport,en,True,8430,1316,27648,1802
CarlosROD88,88rodriguezcar,en,False,76,255,1402,123
Santiago,SantiAssum,es,False,1031,691,7628,2892
ğ•»ğ–Šğ–‰ğ–—ğ–” ğŸ’”,pedro_bento23,pt,False,116,240,1761,5617
Matthias Wilke,lebensgeister13,de,False,2099,3743,225126,13753
Mamba DFS,mambaDFS,en,False,527,186,2800,47
Grumpy Dad,peterdorion,en,False,81,210,975,11151
Dirty Bear,DirtyBearSports,en,False,514,262,5969,714
Serdar SÃ¶zkesen,serdarsozkesen,tr,False,471,328,13920,475
Today's NBA Headlines,headline_nba,en,False,600,2291,4012,0
Zachary Pletchan,zdp5000,en,False,341,2091,23009,16698
DonBest.com,DonBestSports,en,False,23851,2126,31476,130
Matthias Wilke,lebensgeister13,de,False,2099,3743,225127,13753
USA ã‚¹ãƒãƒ¼ãƒ„MIXï¼ ãƒ•ã‚©ãƒ­ãƒ100ï¼…,USAMIX3,ja,False,1234,2988,11404,185
Wuilkley127@gmail.com,wuilkley127,es,False,75,138,2172,410
Connecticut Sun,ConnecticutSun,en,True,23427,218,15865,4274
AJ Truitt,num1broncofan18,en,False,1174,2080,246891,289644
garvel newburn,garvelnewburn,en,False,106,1513,1145,15445
Mike Lindeman,MikeTLindeman,en,False,425,1904,14915,17125
ma long ğŸš€,guI893,pt,False,54,124,6076,5667
Brendan King,buddyboi94,en,False,3579,5002,55830,98412
BuyDirectSports Sports Picks & Predictions,Buydirectsports,en,False,3156,3152,61393,1710
NBA do Povo ğŸ€ğŸ‡§ğŸ‡·,NBAdoPovo,pt,False,8994,613,26864,3871
Five Stacks,500KFlea,en,False,1506,1426,373714,12140
Matthias Wilke,lebensgeister13,de,False,2099,3743,225128,13753
LMI Sports,LmiSport,en,False,52,1848,777,84
KAMOREğŸ’™3ï¸âƒ£2ï¸âƒ£,2Kamore,en,False,23,74,1836,1739
NBA ğŸ“°,BasketballRoto,en,False,1457,495,27505,1774
LeBrot,Lebrot23,en,False,925,391,222296,635
SFTB Fantasy Sports,SFTB_Fantasy,en,False,61,20,28534,3
R V,RikardoV_7,es,False,224,258,11189,615
TRADINGCARDS&THINGS,Bballa12jp_TCT,en,False,920,1107,2830,244
KJ Bets,KJBets,en,False,329,710,908,1186
Shekinah Young,Mrs___Young21,en,False,2442,430,44741,1610
LeBrot,Lebrot23,en,False,925,391,222297,635
Hunter_S_Morrison_etc,dza_yung,en,False,70,108,1869,433
Matthew Lee Lotshaw,UnderdogGraphix,en,False,2205,2906,2082,4919
caillou borden,caillouborden12,en,False,748,4997,63202,9300
Sam Amico,AmicoHoops,en,True,71613,763,35006,14672
Andy Mic,AndyMic1212,en,False,42,47,815,27
ProHoopsDigest,ProHoopsDigest,en,False,190,168,1695,2376
ğŸ€ NBA,nba_athleets,en,False,49,499,6228,0
F.F.,FutFrustrados,es,False,1159,4996,103083,97247
Matthias Wilke,lebensgeister13,de,False,2099,3743,225129,13753
sports shepherd,sports_shepherd,en,False,24,14,184,0
Jose Gonzalez,JoseGonpacer14,en,False,682,687,80623,56040
Jerry Mindster,JerryMindster,en,False,8489,172,3234,80
Jerry Mindster,JerryMindster,en,False,8489,172,3235,80
NBA Feeds,nbafeeds_,en,False,475,220,133301,0
LMI Sports,LmiSport,en,False,52,1848,778,84
TheSpread.com,TheSpread,en,False,1541,0,38247,29
Furyskils ytb,FuryskilsY,en,False,13,166,96,102
Tom_Paines_Recon,OfUKOnJohnsShip,en,False,2,48,367,116
Rabih Mahdee,rabihmahdee,en,False,603,1996,1027,195
B-Hop,stlbhop,en,False,429,1337,21034,3700
Ian Glendon,iglen31,en,False,10343,11378,18469,20718
LITO,litoluque,es,False,24,51,3194,900
PablO RiverA Â©,PabloRR66,es,False,2314,2100,39071,7390
Allonzo Trier Hum Page,allonzotrierhum,en,False,4,5,13,0
BuyDirectSports Sports Picks & Predictions,Buydirectsports,en,False,3157,3152,61395,1710
AwesomeFox42,awesomef0x,en,False,618,3582,37827,14740
Colton Jones,cjoneshoops,en,False,538,1284,1474,4012
Duncan White,Duncan_White14,en,False,41,116,816,421
Matthias Wilke,lebensgeister13,de,False,2099,3743,225130,13753
Emiliano QuiÃ±ones ch,ChQuinones,es,False,36,193,384,231
AdriÃ¡n RodrÃ­guezğŸ€ğŸ‘ŒğŸ’›ğŸ’œ,Bang4Three,es,False,4897,1578,32185,2651
@kobepicks,kobepicks,en,False,5,11,11,0
"JosÃ© ""Ice"" G #FreePicks",Picks_Gratuitos,es,False,1894,21,2823,17
Dudes On a Porch,DOAPBlog,en,False,292,668,181,77
ğŸ€ NBA,nba_athleets,en,False,49,499,6229,0
JE$Ãš$ AGUILERA,44Jesteller,es,False,5610,4588,51913,13022
The Sports Truth,TheSportsTruth1,en,False,1766,741,498,4230
"Israel F. Garza, Jr.",ifcgarzajr,en,False,330,917,37776,67329
cashoutsznpicks,cashoutsznpicks,en,False,36,21,147,0
ì•ˆì •í™”,jhg78596940,ko,False,4,4,10672,0
Ricky SanJuan,Twnkie420,en,False,93,697,3747,16661
Kevin Knox Hum Page,kevinknoxhum,en,False,5,3,16,1
ì •ì¤€ì˜,bvt78596932,ko,False,1,2,10705,0
L.A. Fiebre Amarilla - Lakers en espaÃ±ol,LAFiebreLakers,es,False,6789,773,21015,3073
EasyCashPicks,EasyCashPick,en,False,643,70,1880,1637
MugtheBookie.comÂ®,MugtheBookie,en,False,16757,15046,11748,2375
ê¹€ì˜ì£¼,hukk66965298,ko,False,18,4,10738,2
LMI Sports,LmiSport,en,False,52,1848,779,84
Double Down Picks,DoubleDownPicks,en,False,357,317,32,6
Vegas Whale Play,VegasWhalePlay,en,False,120,43,597,38
KÃ¼rÅŸat KaldÄ±rÄ±m,FeKursat,tr,False,0,6,5,2
DFS Hero,dfshero,en,False,1223,770,41920,1
Dylan Wardâ„¢,dylan7762,en,False,160,386,3039,1728
Gerard Daffy,GerardDaffy,en,False,5828,1270,23978,12992
Nia S.,zogicanogica,en,False,176,221,7028,3839
The BenchWarmer,BenchWarmerPost,en,False,91,102,2384,3296
Matthias Wilke,lebensgeister13,de,False,2099,3743,225131,13753
SportPesaSA,SportPesaSA,en,True,4002,63,3552,167
Holiday Gift Ideas,HolidayGifts6,en,False,2,23,314,0
Hydro Sports,Hydro_Sports,en,False,688,1615,122336,12
Bill Shea,Bill_Shea19,en,True,6754,1516,64278,1046
Gabe Kahn,sgabekahn,en,False,337,1533,7493,39
ScoresAndStats Com,ScoresNStatsCom,en,False,239,541,3771,2841
Jesus Benavides,KloseBarcelona,es,False,339,294,5484,631
ê¹€ëª…êµ¬,vkb9p,en,False,10,0,7501,0
Matthias Wilke,lebensgeister13,de,False,2099,3743,225132,13753
HEATR,HEATRsports,en,False,623,1279,44172,640
HEATR,HEATRsports,en,False,623,1279,44173,640
Howard Megdal,howardmegdal,en,False,9922,10142,173467,32466
ğŸ€ NBA,nba_athleets,en,False,49,499,6230,0
Susie-Susana CaÃ±adas,Susiewj,es,False,392,1174,35255,19853
EzraBridger8,EBridger8,en,False,13,36,1336,125
kurt erickson,truckerkle,en,False,311,712,7827,10909
Adam Strangis,Bucn4life,en,False,1588,2874,62498,12737
DFS TOOTSğŸš‚ğŸš‚ğŸš‚,Timboslice528,en,False,204,293,591,213
FA_FamilyMember_619,CrossCouple,en,False,25,81,225,87
Jac Manuell,TheJManJBT,en,False,542,893,9455,40283
JAY KAYS DEZIGN,KaysDezign,fr,False,41,40,2466,823
Santa Got Hella Hoâ€™s! ğŸ…ğŸ¾ğŸ„,K1NGW0LF,en,False,2146,2133,54281,50403
RealMoneyFL,RealMoneyFL,en,False,1153,866,4363,126
Matthias Wilke,lebensgeister13,de,False,2099,3743,225133,13753
Tom_Paines_Recon,OfUKOnJohnsShip,en,False,2,48,368,116
Suites EA Team,LynnEA58,en,False,522,2268,55284,12454
120 Lousie Dr.,LoManana_,en,False,1935,1480,50227,5078
RannğŸ˜œ,RandiThomass,en,False,171,225,473,612
MG,TheGrahaam,en,False,350,227,36871,13424
Off the Glass,otgbasketball,en,False,4486,2921,57857,9584
jerome musicman,musicman3325,fr,False,50,327,498,584
caillou borden,caillouborden12,en,False,748,4997,63210,9300
Zach Bradford,ZachBradfordTOS,en,False,365,935,32804,65
Codere MÃ©xico,CodereMX,es,True,1654,136,597,406
TellMeSomethingGreat!,TALEMETHEGREAT,en,False,2301,4696,1544,1435
ScottDaddy,mvilke,en,False,290,800,3845,4933
Chuck Banning,chuckbanning1,en,False,486,327,6155,1338
Arthur Smith,Detcookieman74,en,False,1435,1436,100253,97921
Matthias Wilke,lebensgeister13,de,False,2099,3743,225134,13753
ray,sned99,en,False,982,1661,25220,20868
#ê°€ì¡±ë°©,eunjoo3617,ko,False,19,26,274,6
joshua vannostrand,joshuavannostr2,en,False,68,206,1442,681
Bygg Nandinho,ByggNandinho,en,False,297,257,466,487
Toochi Arsenal,Toochi_Arsenal,en,False,1866,2179,6832,2092
(21-15)Kentravius SZN ğŸ˜,Youngtray96,en,False,306,336,3067,2674
Matthias Wilke,lebensgeister13,de,False,2099,3743,225135,13753
Lineups,lineups,en,False,4871,16,13067,420
ABS-CBN Sports,abscbnsports,en,True,1170811,367,265310,356
Lineups,lineups,en,False,4871,16,13068,420
Wanabet âš½âš¾,wanabet_es,es,True,15126,7542,17933,12664
DIRECTVSportsAr,directvsportsar,es,True,44963,187,18503,0
Hoopkards,hoopkards,en,False,41,427,11693,104
Stats Insider,StatsInsider,en,False,1230,1058,6721,319
NBA Starting Lineups,nbastartlineups,en,False,2118,0,4012,12
texan0322,texan0322,en,False,1805,1157,8035,15627
Basketball Vidz,bball_videoz,en,False,1191,5001,39290,39769
TABcomau Media,tabcomaumedia,en,False,4910,2859,10019,160
NBA Feeds,nbafeeds_,en,False,475,220,133302,0
ESPN Caribbean,ESPN_Caribbean,en,False,5609,178,24107,493
Zach,TheOffTheGlass,en,False,196,627,1777,856
JeffGSpursZone,JeffGSpursZone,en,True,9128,4471,119330,597
Locked on NBA Network,LockedOnNBANet,en,False,2642,73,21003,417
NetBet France,NetBetFrance,en-gb,True,9906,1985,11464,1064
Blitz Weekly,BlitzWeekly,en,False,1017,448,9526,1335
NOW SPORTS,NOOW_Sports,en,False,11821,4706,4277,13144
Vickie Fulkerson,vickieattheday,en,False,518,198,4330,172
A.,SartoTime,es,False,246,247,7843,5369
ShayDFSğŸ’°â¤ï¸ğŸ˜Š,Shayballa25,en,False,660,803,1920,1924
NBA Mania,NBA_Mania_,fr,False,65,41,180,102
ğŸ€ NBA,nba_athleets,en,False,49,499,6231,0
That's Drinking Buddy,Thats_Drinking,en,False,17,44,227,14
Carlos Romero,CarlosR34390783,es,False,33,62,51,1391
ShayDFSğŸ’°â¤ï¸ğŸ˜Š,Shayballa25,en,False,660,803,1920,1924
SLT,ShitaraTaylor,en,False,445,441,56582,2190
Scott Campbell,Hooch20,en,False,129,384,9466,705
Josh Jablonski,joshjablonski15,en,False,356,1265,12411,37914
Sjef,sjefke7,en,False,84,433,3740,1500
Sam Amico,AmicoHoops,en,True,71613,763,35007,14672
ProHoopsDigest,ProHoopsDigest,en,False,190,168,1696,2377
Bill Nelson,Thelscwxman,en,False,288,853,18121,2349
Street Heat 216,rdr2374,en,False,976,1882,13673,7933
ğŸ‘³ğŸ»â€â™‚ï¸ La Barba Picks ğŸ‘³ğŸ»â€â™‚ï¸,TheBeardBet,es,False,661,420,549,108
Top Flight Fantasy Sports,TopFlightFS,en,False,584,2629,1270,299
LeBrot,Lebrot23,en,False,925,391,222341,635
Peter-Hooper,PeterHooper111,en,False,2672,2531,29943,38501
jean sheney,1kjeann,en,False,790,732,4002,4433
VIP Betting,insidethe_vip,en,False,57,992,27,65
manuel bellmunt,manuelbellmunt,es,False,615,4038,15637,10484
ì •ì •í¬,heehyoo,ko,False,0,2,57,1
DK Live,dklive,en,True,25925,211,21735,365
Rayâš¡,Rhayckk,es,False,230,161,5746,6215
QuickyDFS,QuickyDFS,en,False,779,144,1740,1079
Yahoo Fantasy Care,YahooFantasyCC,en,True,2941,29,19622,4
RubeChat,KFANRubeChat,en,False,688,445,42355,25393
ğŸ€ NBA,nba_athleets,en,False,49,499,6232,0
An â€œAint Shit Niggaâ€,DatBoyTres,en,False,459,182,57609,811
rousseaux,roussea14136031,fr,False,8,49,709,639
El DrakÃ© ğŸ¦‚,Joga_Bonito69,fr,False,40,200,1053,2097
j u l i e t ağŸŒ¸,julietaandrade0,es,False,316,157,15136,15898
Off the Glass,otgbasketball,en,False,4486,2920,57858,9585
rousseaux,roussea14136031,fr,False,8,49,711,641
Trendy Bets LLC,TrendyBets,en,False,255,288,722,791
TheSharkVip,TheSharkVip,es,False,518,262,767,281
Jorge Blanco El Bebe,jorgeblancobebe,es,False,340,425,8058,5812
MomsWhoSave.com,MomsWhoSave,en,False,123067,16133,107757,1106
Serbio,NS_Casual,es,False,232,216,623,1175
RotoBaller NBA,RotoBallerNBA,en,False,18003,17289,24844,1119
ELove,ELove3000,en,False,190,160,104535,7959
Â©ThisIsMyStoryÂ®,22TTStarksMom,en,False,342,467,5775,3933
RotoBaller,RotoBaller,en,False,17632,5702,138621,14744
Royce King,RoyceKing,en,False,62,869,268,10
Hoopkards,hoopkards,en,False,41,427,11694,104
Nodjatar,NODJATAR,en,False,504,150,4587,26574
Waterboys.org,WaterboysORG,en,True,6239,442,4248,4898
Jorge Blanco El Bebe,jorgeblancobebe,es,False,340,425,8058,5812
Ricky Mathenia,NWEXPOSED,en,False,211,596,1721,92
JumpMan_D,JumpManD2,en,False,121,158,1187,580
Justin,amesdog32,en,False,428,2700,158234,139
NOW Hoops,NOW_Hoops,en,False,361,1084,699,157
RotoBaller NBA,RotoBallerNBA,en,False,18003,17289,24845,1119
RotoBaller,RotoBaller,en,False,17632,5702,138623,14745
HA,ali__1995NY,en,False,5,47,7605,10713
David,TheCremlin1,en,False,411,405,16229,12828
Kelly Ford,kellylford,en,False,717,849,8421,951
â¦•ByTheNumbersâ¦–,BTNDFS,en,False,2446,4271,2657,285
Matthias Wilke,lebensgeister13,de,False,2099,3743,225136,13753
Wyl Snap Merchandise,WSmerchandise,en,False,68,225,1186,16
ALL_in_NBA,ALL_in_NBA,ja,False,1280,228,99135,2
Real Good Player,RealGoodPlayer,en,False,5364,152,7786,9256
ğŸ€ NBA,nba_athleets,en,False,49,499,6233,0
Huck Benitez,hberrybenitez,en,False,2,191,102,58
ìŠ¤í¬ì¸ ì¤‘ê³„  livetv777.com,Armor_Com,ko,False,1126,1392,34358,0
Ben Sudderth III,BS3Sports,en,False,7489,7732,38903,22057
Joel Diplan,Diplan1,en,False,856,2688,48308,523
#RingerNBA,ringernba,en,True,57694,272,3405,510
solidpicks,solidpicks2,en,False,386,206,2020,10558
Matthias Wilke,lebensgeister13,de,False,2099,3743,225137,13753
ğŸ€ğŸ€ğŸ€,Stkfrite,fr,False,436,47,22445,566
audrey,reeziie143,en,False,37,133,1886,1031
Zach Buckley,ZachBuckleyNBA,en,False,1169,1176,23696,1584
par brooks,PBnJELLY2,en,False,193,438,2812,4566
ğŸ‡ºğŸ‡¸Allan ğŸ€,AJGriffin_Jr,en,False,378,751,2707,598
Jay Tremblay,SportsM0ney,en,False,270,786,827,2773
atong_ang,kikokiks1578,en,False,209,174,626,900
JaSiakam,SportsJO13,en,False,2120,1246,9804,14607
Alfredo_Castilla,Alfred_Castilla,es,False,1522,1405,11832,1134
Floyd$Dreweather,Mc_bigdaddy,en,False,4008,2086,19904,10482
TrashTalk Fantasy Lab,TTFLab,fr,False,13132,372,10914,11231
Hoopkards,hoopkards,en,False,41,427,11695,104
criskson escobar,criskson,es,False,112,261,2555,618
Basketball Stuff,B_Ball_Stuff,en,False,249,18,278,20978
Boom Fantasy,BoomDFS,en,True,16962,2524,6726,3183
criskson escobar,criskson,es,False,112,261,2556,619
Picks&Parlays,PicksParlays,en,False,3662,660,26371,4257
NBA Feeds,nbafeeds_,en,False,475,220,133303,0
Fantasy Supremeâ„¢,_FantasySupreme,en,False,3282,1036,10397,5287
isaac,cesi_1x,en,False,39,163,7,11
Los Grandes Parley,LGParley,es,False,34732,638,41981,1545
Cameron Ross,i_am_cam20,en,False,1892,1797,32875,1124
criskson escobar,criskson,es,False,112,261,2557,620
Dan Devine,YourManDevine,en,True,37305,1610,167160,28463
Floyd$Dreweather,Mc_bigdaddy,en,False,4008,2086,19905,10482
Ø¨,NBAFREAK43,en,False,25,17,15667,14928
ìŠ¤í¬ì¸ ê°€ì¡±ë°© - ì¹´í†¡:PPP727,whtndud1313,ko,False,323,521,29491,0
criskson escobar,criskson,es,False,112,261,2558,621
Reignmen Sports,RMSportspodcast,en,False,520,1909,1961,1368
#ë¨¹íŠ€ê²€ì¦ì‚¬ì´íŠ¸,shinramyungim,ko,False,0,16,149,0
Paul Williams,RockyTopFan8,en,False,740,2224,108023,83601
IG: sodiq10,sodiqoduye,en,False,1137,823,155574,478
TijoladaNBA,tijoladaNBA,pt,False,427,285,1114,1376
DunkONaFool,dUNKONaFOOL,en,False,784,884,12082,2999
Sweet Jones the 3rd,Loud_Tzu,en,False,450,470,13272,5642
ZachareeDFS,ZachareeDFS,en,False,155,38,458,119
Anti-Banqueros,ParleyAB,es,False,9538,81,15426,3394
sueandmike,sueandmike4,en,False,148,301,2623,15
RadioTAB Australia,RadioTABAus,en,False,5189,909,22100,2520
AndrÃ© C. Rocha (Sobe a Bola),andre_c_rocha,pt,False,85,694,5184,7833
Jordan Cornish,JordanCornish5_,en,True,3147,809,15879,3024
Dolla Billz,DollaBillz11,en,False,28,59,222,93
OTG7ğŸº,OTG7N,en,False,39,61,38,45
CMBSkillzTraining,CMBskillz,en,False,11223,11557,4222,2683
Jeff Thomas,Coach__Thomas,en,False,471,671,3769,629
Jeff Thomas,Coach__Thomas,en,False,471,671,3770,629
IG: sodiq10,sodiqoduye,en,False,1137,823,155581,478
DreamTeamDirectas,TeamDirectas,es,False,491,278,6451,259
Rocky Sites,SitesRocky,en,False,453,1049,19988,772
J. Hunt,jbuc3ts_,en,False,174,264,855,2961
Bowtie Fresh,fresh_bowtie,en,False,45,388,2348,1733
YB,YBSZN,en,False,634,713,33238,91557
ğŸ€Larissa ğŸ‡¨ğŸ‡²,Fy_larissa,fr,False,182,148,1397,1414
NBA en EspaÃ±ol,NBAenEspaol1,en,False,24,119,1188,1
The Starkman,Starkman55,en,False,1029,3650,212800,5984
Tyler Brosious,Tyler_Brosh,en,False,2493,2441,61698,41323
Hoopkards,hoopkards,en,False,41,427,11696,104
The Patrick McCaw Era! @cavs / Thank You Browns!!!,ZeroDarkTwenty3,en,False,2496,2787,245865,280351
criskson escobar,criskson,es,False,112,261,2559,622
TijoladaNBA,tijoladaNBA,pt,False,427,285,1115,1376
criskson escobar,criskson,es,False,112,261,2560,623
criskson escobar,criskson,es,False,112,261,2561,624
ğŸ€ NBA,nba_athleets,en,False,49,499,6234,0
Mian Jing Zheng,jing_mian,en,False,741,2678,1430,47583
Bet And Skill ğŸ’° Offers Club,betandskill2,en,False,225,467,2983,395
Ima Honi,ImakoroHonikubo,ja,False,72,167,8995,2019
Sergio Silva,SergioSilva1983,es,False,1576,473,9074,5115
DreamTeamDirectas,TeamDirectas,es,False,491,278,6453,259
Patatas Bravas,CaudalClement,fr,False,102,108,1331,1278
Matt Downs,cmattdowns,en,False,396,514,9417,2935
Today's NBA Headlines,headline_nba,en,False,600,2311,4013,0
The Daily Grind,TDGFantasy,en,False,699,590,973,1055
sonkiÅŸot,davidevandal,tr,False,24,65,672,287
Picks ğŸ’°,LosPicks22,es,False,133,233,1011,218
SFTB Fantasy Sports,SFTB_Fantasy,en,False,61,20,28535,3
i aint shit,itzwoody,en,False,804,725,24327,36748
Boom Fantasy,BoomDFS,en,True,16962,2524,6727,3183
Jerrid Shaffer,Wilfred2kJ13,en,False,23,258,208,477
TijoladaNBA,tijoladaNBA,pt,False,427,285,1116,1376
Freaksforum.com,4ServicePlays,en,False,181,0,15280,0
El Ruso,ElRusoPicks,en,False,23,5,119,8
K,WhalesEatMe,en,False,720,489,538,14583
Blake Sullivan,BlakeSullivanFF,en,False,2405,4997,4408,4349
Dhruv à¥ ğŸ‡®ğŸ‡³,PreyingKen,en,False,123,132,3028,20447
Jherrm,jherrm215,en,False,1089,1101,13585,27232
Freaksforum.com,4ServicePlays,en,False,181,0,15282,0
Sports Watch Monitor,SportsWatch1,en,False,14968,23737,89077,3653
Fred Riecke,friecke,en,False,563,795,18108,57404
Paul Williams,RockyTopFan8,en,False,740,2224,108030,83604
Mikel M. Louder,mmlphoto,en,False,59,101,20431,1767
Christopher Robidoux,Swiftysports,en,False,196,300,2683,2945
FilaFresh,filafresh,en,False,7786,4147,1517273,42586
Eddie Masciari,EddieMasciari,en,False,94,74,137,1609
TijoladaNBA,tijoladaNBA,pt,False,427,285,1116,1376
Punter Problems,punter_problems,en,False,2597,447,8388,15789
Sam B,SJB6991,en,False,15987,12908,1009696,86126
Oscar,oscibasal,es,False,539,2188,4277,3126
FlashPug,FlashPugUK,en,False,1014,1111,12777,109
E.,Emilien_Mlrd,fr,False,110,185,881,1561
CJ,Cj11197,en,False,134,126,2292,2169
Al Hunter,Hunta512,en,False,799,1121,7102,5614
Allan Kim,kill_switch_kim,en,False,961,889,264,142
$LA & Chill  Podcast,SLAChill,en,False,90,376,276,488
LeBrot,Lebrot23,en,False,924,391,222380,635
Readers & Authors,EbookPromoTeam,en,False,16321,13517,78235,1897
LeBrot,Lebrot23,en,False,924,391,222382,635
DATOS-CENTER,DatosCenter,es,False,1337,1947,9883,962
Michal,Michal99761456,en,False,4,105,181,376
pedro cerven,pedrojose80,es,False,684,307,22875,33954
Livebasketball.com,livebasketball,en-gb,True,126615,18016,32391,148
Greg Stilson,GStilson,en,False,151,76,1543,110
Mr. Swag,mrswagpicks,en,False,60876,62293,44311,7050
Chris Rothar,RotharDFSWX,en,False,305,104,732,354
domenicocarmelo,domenico2910,es,False,156,421,587,340
Huck Benitez,hberrybenitez,en,False,2,191,103,58
NBA Feeds,nbafeeds_,en,False,475,220,133304,0
THE WIZARD_MF,JACK_WMF,en,False,149,72,128,123
Paul Williams,RockyTopFan8,en,False,740,2224,108032,83604
Hoopkards,hoopkards,en,False,41,427,11697,104
Sam Lane,FFStompy,en,False,2192,1302,9810,6901
domenicocarmelo,domenico2910,es,False,156,421,588,340
Uncle Odds,Uncle_Odds,en,False,3332,470,54163,69983
Juan Eugenio,JuanEugenio8,es,False,69,198,7960,6361
Joe Ignazio,CoachIgnazio,en,False,85,191,329,107
Michael Esposito,Michael37900674,en,False,151,237,5609,16141
Alan Rodrigues,alanrodrigues14,en,False,1949,1370,221369,5462
Off the Glass,otgbasketball,en,False,4486,2920,57860,9585
Luckia,luckia_es,es,True,12139,161,30844,3020
The Sports Roundup Podcast,TheTSRPodcast,en,False,65,275,101,367
PickDraft,PickDraftDFS,en,False,857,909,3385,14
domenicocarmelo,domenico2910,es,False,156,421,589,340
Mr. LockedIn,LockedinMr,en,False,93,8,281,118
porky,RivoAngelo,en,False,247,242,4887,22877
Hudson cesar,Hudsoncesar6,pt,False,117,110,13853,20701
Jimmy Fungus,jimmyfungus,en,False,26980,17106,13797,8412
Nick Fay,OTG_NICK,en,False,788,713,14508,8292
Daily Fantasy Optimizers,DailyFantasyOpt,en,False,207,31,1140,151
Steven Toroni,FFProfessorST3,en,False,988,955,7499,10669
Diego Henao,diego_henao,en,False,588,865,21103,7487
ãƒã‚£ãƒ«@ãƒ“ãƒ«ãƒ€ãƒ¼ã‚ºå¼Ÿå­å…¥ã‚Š,ChilNakk,ja,False,390,702,21856,47960
Ambitiousî€,Strive4Fame_,en,False,276,237,13182,1148
Dmoney BitchğŸ’ªğŸ½ğŸ¦,dre_drive,en,False,45,392,1981,3607
UpDown Report,UpDownReport,en,False,247,275,145,39
jerome brathwaite,darealkingrome,en,False,12,69,37,252
rousseaux,roussyves,fr,False,55,412,4228,3575
Zach Thompson,ZT_Sports,en,False,2947,1483,7300,452
Coach X,xavierjwarner,en,False,1142,978,15762,10041
RamÃ³n Carmona,Ramoncarmona7,es,False,775,718,4802,4556
ganatips,ganatips,es,False,3041,3428,4805,94
Nolen Hopkins,welchhopkins1,en,False,239,452,592,478
Rotolytics,rotolytics,en,False,1810,416,15347,6959
âš¡â‚âš¡â‚âš¡â‚ƒ,Answeezy,fr,False,808,739,91167,20492
Ashish Mathur,amathur90,en,False,2495,1104,14561,34621
FOLLOW HELP ğŸ‡ºğŸ‡¸,Ghostrydaz,en,False,5246,5733,1526,5916
DFS Cash Crew,DFSCashCrew1,en,False,80,39,53,2152
Mark Chen-Heu,markdaspark212,en,False,1164,265,28428,29003
Victoria Donovan,Victori88418552,en,False,0,92,217,229
USA Sport24,USASport24,it,False,3706,60,295774,171427
Nolen Hopkins,welchhopkins1,en,False,239,452,593,479
JG,XandraOfficial4,es,False,15,52,47,95
Tyler Ghee,TylerGheeNFL,en,False,2120,1703,11868,8410
USA Sport24,USASport24,it,False,3706,60,295776,171427
Dave Moore,davemoore007,en,False,104,676,1711,204
Donnell Suggs,suggswriter,en,False,2291,1643,69944,65761
Rotoworld,rotoworld,en,True,38039,390,110272,44
EurohoopsES,EurohoopsES,en,False,3335,921,10927,164
Taye Nichols,tayesosmooth,en,False,2023,1979,627934,563885
Taye Nichols,tayesosmooth,en,False,2023,1979,627935,563886
24UR Å port,Sport24ur,en,False,1404,466,24962,39
Hammerhead DFS,HammerheadDFS,en,False,1059,194,1839,916
RAMO$,GuccixSace,en,False,499,555,11049,30567
Joel Dorcas,Joel_Dorcas6,en,False,61,98,210,218
Fantasy Golf Fan,DfsPgafan,en,False,705,236,1061,647
Yiannis Bouranis,YBouranis,en-gb,False,180,306,1487,455
NutsAndBoltsSports,NutsAndBoltsSP,en,False,2921,4959,76205,47288
SFS_Striker,SFS_Striker,en,False,413,147,6807,1
Paul Williams,RockyTopFan8,en,False,740,2224,108036,83605
gg131186,gg131186,fr,False,162,102,5329,12866
Anna Mtz,anamtz0925,es,False,980,4361,43579,43034
ì•ˆì •í™”,jhg78596940,ko,False,4,4,10673,0
Mystik,Mystik2k15,en,False,16,95,215,304
ND66737788,nd66737788,en,False,2612,2627,12985,11816
Serbio,NS_Casual,es,False,234,216,629,1191
ì •ì¤€ì˜,bvt78596932,ko,False,1,2,10706,0
ê¹€ì˜ì£¼,hukk66965298,ko,False,18,4,10739,2
The Sports Chief,thesportschief,en,False,82,142,403,56
DFS_MASTERS,DFS_Masters_,en,False,816,90,1549,148
SASGğŸ˜,casg_83,es,False,485,1451,2258,376
Daily Number,DailyNumberApp,en,False,168,104,570,170
SASGğŸ˜,casg_83,es,False,485,1451,2259,376
DaGr8DaGuru,guru_gr8,en,False,370,2095,1585,3068
ğŸŒŠSoviet YugoslaviağŸŒŠ,TedKottler,en,False,963,2141,140190,22897
LeBrot,Lebrot23,en,False,924,391,222405,635
Ali Bomaye,RealKingMenace,en,False,784,804,41154,32326
I.TV Deportes,ITV_Deportes,es,False,406,119,1038,64
Nando,Nando_008,es,False,74,284,1058,1602
Rick Farrow,rick_farrow,en,False,288,983,4570,1391
FacupriÃ©,FacuPrieto,es,False,1033,451,45134,45437
Joel,joelm_bw,en,False,319,166,26050,22115
Yiannis Bouranis,YBouranis,en-gb,False,180,306,1490,455
TheClevelandFan (IFB),theCleFan231,en,False,1754,3288,3772,6006
LeBrot,Lebrot23,en,False,924,391,222408,635
pauldietenbeck,pauldietenbeck,fr,False,21,192,164,132
Jose Segura,Ncolacho75,es,False,4,70,67,17
PickswiseNBA,PickswiseNBA,en,False,708,309,1703,1697
FanSided Fantasy,FanSidedFantasy,en,True,6220,396,16819,196
Fantasy CPR,fantasycpr,en,True,6943,1533,25053,4105
Gambling India Info,GamblingInIndia,en,False,1032,175,3767,0
NBA Feeds,nbafeeds_,en,False,475,220,133305,0
Evo1Sports,Evo1S,en,False,3765,1864,9965,30
NBA Drills+Tips,NBAdrillsntips,en,False,81,308,3064,48
Thunder UP âš¡ï¸âš¡ï¸âš¡ï¸,thunderluver23,en,False,1732,1390,66693,14186
Tony zerbini,Zman078,en,False,70,491,1575,1132
Britney,BritElane,en,False,337,769,14260,127382
Claudia Rios,claudiaargenta,es,False,234,618,4014,4168
emmanuelperez,yohamyyomil,en,False,56,379,2358,1675
chinny â›·,chinnycreative,en,False,1068,958,75160,61
Jerm,Jeremy4PF,en,False,2554,1409,85136,49911
Marion,4aqtgE5W7GXDEyr,en,False,1,0,274,280
Lenin Hurtado,lenhurtado,es,False,4127,256,24756,6444
Top Flight Fantasy Sports,TopFlightFS,en,False,584,2629,1271,299
Robert Moreno,TheRobbeo,en,False,330,922,9843,2066
MUNDO_DE_BASKET,MUNDO_DE_BASKET,es,False,823,166,5318,717
NBA ğŸ“°,BasketballRoto,en,False,1457,495,27506,1774
NBA ğŸ“°,BasketballRoto,en,False,1457,495,27508,1774
NBA ğŸ“°,BasketballRoto,en,False,1457,495,27509,1774
NBA News by LBS,NBANews_LBS,en,False,6,0,8630,0
Jimmy,JimmyForDFS,en,False,35,63,168,151
Bob Vest,1shotbob,en,False,105,189,2028,460
Justin2011,FGCJustin2011,en,False,120,117,6447,8151
Jazzspazz,angrycoachK,en,False,22,846,201,120
dean zambo,deanzambo,en,False,51,52,659,278
Jesus Ramirez,josesitohernan2,es,False,696,1048,1637,5587
The Ringer,ringer,en,True,415009,587,71158,4943
USA Sport24,USASport24,it,False,3706,60,295777,171427
NBA Nostalgia,nba_nostalgia_,en,False,15,194,1210,4
Matthew Scott,bully_120692,en-GB,False,13,59,25,0
